# exec/facts/enc-arm.tsv: written by exec/facts/export.py, do not edit
# input unisa/catalog.py sha256:b3ff45a5f1fd91b7
# input unisa/image/pe.py sha256:c5fc12228ef789da
# input exec/facts/enc-armint-specs.tsv sha256:2188d12b2ac1cec8
# input exec/facts/enc-armfp-specs.tsv sha256:1ff6e5a30698b73b
# input exec/facts/enc-tins-meta.tsv sha256:06386d1ad9e78312
# input exec/facts/enc-arminput-keys.tsv sha256:826adb414e162a9d
# input exec/facts/enc-armlayout-headers.tsv sha256:c680e2cd94fd8cb4
# input exec/facts/enc-armlayout-targets.tsv sha256:92b3f426133b80cc
# input exec/facts/enc-armwin-keys.tsv sha256:694451ea5ce2bf0e
# input exec/facts/enc-armwin-reset.tsv sha256:9d945e33579bc113
# input exec/facts/export.py sha256:f58d06a590f69563
=OP	int	70000000
=REG	int	71000000
=BASE	int	72000000
=LP	int	73000000
=ZERO	int	0
=unknown	json	[0, 76, 77, 78, 79, 80, 81, 82, 83, 84, 85, 86, 87, 88, 89, 90, 91, 92, 93, 94, 95, 96, 97, 98, 99, 100, 101, 102, 103, 104, 105, 106, 107, 108, 109, 110, 111, 112, 113, 114, 115, 116, 117, 118, 119, 120, 121, 122, 123, 124, 125, 126, 127, 128, 129, 130, 131, 132, 133, 134, 135, 136, 137, 138, 139, 140, 141, 142, 143, 144, 145, 146, 147, 148, 149, 150, 151, 152, 153, 154, 155, 156, 157, 158, 159, 160, 161, 162, 163, 164, 165, 166, 167, 168, 169, 170, 171, 172, 173, 174, 175, 176, 177, 178, 179, 180, 181, 182, 183, 184, 185, 186, 187, 188, 189, 190, 191, 192, 193, 194, 195, 196, 197, 198, 199, 200, 201, 202, 203, 204, 205, 206, 207, 208, 209, 210, 211, 212, 213, 214, 215, 216, 217, 218, 219, 220, 221, 222, 223, 224, 225, 226, 227, 228, 229, 230, 231, 232, 233, 234, 235, 236, 237, 238, 239, 240, 241, 242, 243, 244, 245, 246, 247, 248, 249, 250, 251, 252, 253, 254, 255, 256]
=meta_classes	json	{"meta_reloc": [1], "meta_form": [2], "meta_gate": [3], "meta_carry": [4], "meta_role": [5], "meta_catop": [6], "meta_sysno": [7], "meta_ret": [8], "meta_retconv": [9], "meta_winapi": [10], "meta_winimp": [11], "meta_hstd": [12], "meta_scr0": [13], "meta_scr1": [14], "meta_written": [15]}
@specs	i:int	op:str	n:int	cls:int	lpos:int	base:int	spin:int	chars:json	last:int	lastsigned:int
	1	mov	2	1	-1	0	0	[{"i":0,"p":-1,"first":1,"ps":0,"isv":0,"code":1,"signed":0},{"i":1,"p":0,"first":0,"ps":0,"isv":0,"code":1,"signed":0}]	1	0
	2	imm	2	2	-1	0	0	[{"i":0,"p":-1,"first":1,"ps":0,"isv":0,"code":1,"signed":0},{"i":1,"p":0,"first":0,"ps":0,"isv":0,"code":2,"signed":0}]	1	0
	3	mul64	3	3	-1	0	0	[{"i":0,"p":-1,"first":1,"ps":0,"isv":0,"code":1,"signed":0},{"i":1,"p":0,"first":0,"ps":0,"isv":0,"code":1,"signed":0},{"i":2,"p":1,"first":0,"ps":0,"isv":0,"code":1,"signed":0}]	2	0
	4	ret	0	4	-1	0	0	[]	-1	0
	5	nop	0	5	-1	0	0	[]	-1	0
	6	callr	1	6	-1	0	0	[{"i":0,"p":-1,"first":1,"ps":0,"isv":0,"code":1,"signed":0}]	0	0
	7	hostcall	2	60	-1	0	0	[{"i":0,"p":-1,"first":1,"ps":0,"isv":0,"code":1,"signed":0},{"i":1,"p":0,"first":0,"ps":0,"isv":0,"code":1,"signed":0}]	1	0
	8	hostaddr	2	61	-1	0	0	[{"i":0,"p":-1,"first":1,"ps":0,"isv":0,"code":1,"signed":0},{"i":1,"p":0,"first":0,"ps":0,"isv":0,"code":2,"signed":1}]	1	1
	9	load64	3	9	-1	0	0	[{"i":0,"p":-1,"first":1,"ps":0,"isv":0,"code":1,"signed":0},{"i":1,"p":0,"first":0,"ps":0,"isv":0,"code":1,"signed":0},{"i":2,"p":1,"first":0,"ps":0,"isv":0,"code":2,"signed":1}]	2	1
	10	store64	3	10	-1	0	0	[{"i":0,"p":-1,"first":1,"ps":0,"isv":0,"code":1,"signed":0},{"i":1,"p":0,"first":0,"ps":0,"isv":0,"code":2,"signed":1},{"i":2,"p":1,"first":0,"ps":1,"isv":0,"code":1,"signed":0}]	2	0
	11	.ld	4	11	-1	0	0	[{"i":0,"p":-1,"first":1,"ps":0,"isv":0,"code":1,"signed":0},{"i":1,"p":0,"first":0,"ps":0,"isv":0,"code":1,"signed":0},{"i":2,"p":1,"first":0,"ps":0,"isv":0,"code":2,"signed":1},{"i":3,"p":2,"first":0,"ps":1,"isv":0,"code":2,"signed":1}]	3	1
	12	.st	4	12	-1	0	0	[{"i":0,"p":-1,"first":1,"ps":0,"isv":0,"code":1,"signed":0},{"i":1,"p":0,"first":0,"ps":0,"isv":0,"code":2,"signed":1},{"i":2,"p":1,"first":0,"ps":1,"isv":0,"code":1,"signed":0},{"i":3,"p":2,"first":0,"ps":0,"isv":0,"code":2,"signed":1}]	3	1
	13	jump	1	13	0	0	0	[{"i":0,"p":-1,"first":1,"ps":0,"isv":0,"code":3,"signed":0}]	0	0
	14	jumpz	2	14	1	0	0	[{"i":0,"p":-1,"first":1,"ps":0,"isv":0,"code":1,"signed":0},{"i":1,"p":0,"first":0,"ps":0,"isv":0,"code":3,"signed":0}]	1	0
	15	call	1	15	0	0	0	[{"i":0,"p":-1,"first":1,"ps":0,"isv":0,"code":3,"signed":0}]	0	0
	16	setreg	2	25	-1	0	0	[{"i":0,"p":-1,"first":1,"ps":0,"isv":0,"code":1,"signed":0},{"i":1,"p":0,"first":0,"ps":0,"isv":1,"code":0,"signed":0}]	1	0
	17	spinit	1	26	-1	0	1	[{"i":0,"p":-1,"first":1,"ps":0,"isv":0,"code":1,"signed":0}]	0	0
	18	gate	0	27	-1	0	0	[]	-1	0
	19	.lea	2	28	1	0	0	[{"i":0,"p":-1,"first":1,"ps":0,"isv":0,"code":1,"signed":0},{"i":1,"p":0,"first":0,"ps":0,"isv":0,"code":3,"signed":0}]	1	0
	20	setmem	2	29	-1	0	0	[{"i":0,"p":-1,"first":1,"ps":0,"isv":0,"code":2,"signed":1},{"i":1,"p":0,"first":0,"ps":1,"isv":0,"code":1,"signed":0}]	1	0
	21	argsave	3	30	-1	0	0	[{"i":0,"p":-1,"first":1,"ps":0,"isv":0,"code":2,"signed":1},{"i":1,"p":0,"first":0,"ps":1,"isv":0,"code":2,"signed":1},{"i":2,"p":1,"first":0,"ps":1,"isv":0,"code":4,"signed":0}]	2	0
	22	argvget	3	31	-1	0	0	[{"i":0,"p":-1,"first":1,"ps":0,"isv":0,"code":1,"signed":0},{"i":1,"p":0,"first":0,"ps":0,"isv":0,"code":1,"signed":0},{"i":2,"p":1,"first":0,"ps":0,"isv":0,"code":2,"signed":1}]	2	1
	23	.zero	3	32	-1	0	0	[{"i":0,"p":-1,"first":1,"ps":0,"isv":0,"code":1,"signed":0},{"i":1,"p":0,"first":0,"ps":0,"isv":0,"code":2,"signed":1},{"i":2,"p":1,"first":0,"ps":1,"isv":0,"code":2,"signed":1}]	2	1
	24	winsave	1	33	-1	0	0	[{"i":0,"p":-1,"first":1,"ps":0,"isv":0,"code":2,"signed":1}]	0	1
	25	winrest	2	34	-1	0	0	[{"i":0,"p":-1,"first":1,"ps":0,"isv":0,"code":2,"signed":1},{"i":1,"p":0,"first":0,"ps":1,"isv":0,"code":1,"signed":0}]	1	0
	26	winstdh	1	35	-1	0	0	[{"i":0,"p":-1,"first":1,"ps":0,"isv":0,"code":2,"signed":1}]	0	1
	27	winargs	3	36	-1	0	0	[{"i":0,"p":-1,"first":1,"ps":0,"isv":0,"code":2,"signed":1},{"i":1,"p":0,"first":0,"ps":1,"isv":0,"code":2,"signed":1},{"i":2,"p":1,"first":0,"ps":1,"isv":0,"code":2,"signed":1}]	2	1
	28	itoa	3	37	-1	0	0	[{"i":0,"p":-1,"first":1,"ps":0,"isv":0,"code":2,"signed":1},{"i":1,"p":0,"first":0,"ps":1,"isv":0,"code":2,"signed":1},{"i":2,"p":1,"first":0,"ps":1,"isv":0,"code":2,"signed":1}]	2	1
	29	.div	3	16	-1	0	0	[{"i":0,"p":-1,"first":1,"ps":0,"isv":0,"code":1,"signed":0},{"i":1,"p":0,"first":0,"ps":0,"isv":0,"code":1,"signed":0},{"i":2,"p":1,"first":0,"ps":0,"isv":0,"code":1,"signed":0}]	2	0
	30	.udiv	3	17	-1	0	0	[{"i":0,"p":-1,"first":1,"ps":0,"isv":0,"code":1,"signed":0},{"i":1,"p":0,"first":0,"ps":0,"isv":0,"code":1,"signed":0},{"i":2,"p":1,"first":0,"ps":0,"isv":0,"code":1,"signed":0}]	2	0
	31	.mod	3	18	-1	0	0	[{"i":0,"p":-1,"first":1,"ps":0,"isv":0,"code":1,"signed":0},{"i":1,"p":0,"first":0,"ps":0,"isv":0,"code":1,"signed":0},{"i":2,"p":1,"first":0,"ps":0,"isv":0,"code":1,"signed":0}]	2	0
	32	.umod	3	19	-1	0	0	[{"i":0,"p":-1,"first":1,"ps":0,"isv":0,"code":1,"signed":0},{"i":1,"p":0,"first":0,"ps":0,"isv":0,"code":1,"signed":0},{"i":2,"p":1,"first":0,"ps":0,"isv":0,"code":1,"signed":0}]	2	0
	33	sext	3	20	-1	0	0	[{"i":0,"p":-1,"first":1,"ps":0,"isv":0,"code":1,"signed":0},{"i":1,"p":0,"first":0,"ps":0,"isv":0,"code":1,"signed":0},{"i":2,"p":1,"first":0,"ps":0,"isv":0,"code":2,"signed":1}]	2	1
	34	addi	3	21	-1	0	0	[{"i":0,"p":-1,"first":1,"ps":0,"isv":0,"code":1,"signed":0},{"i":1,"p":0,"first":0,"ps":0,"isv":0,"code":1,"signed":0},{"i":2,"p":1,"first":0,"ps":0,"isv":0,"code":2,"signed":1}]	2	1
	35	subi	3	22	-1	0	0	[{"i":0,"p":-1,"first":1,"ps":0,"isv":0,"code":1,"signed":0},{"i":1,"p":0,"first":0,"ps":0,"isv":0,"code":1,"signed":0},{"i":2,"p":1,"first":0,"ps":0,"isv":0,"code":2,"signed":1}]	2	1
	36	lsli	3	23	-1	0	0	[{"i":0,"p":-1,"first":1,"ps":0,"isv":0,"code":1,"signed":0},{"i":1,"p":0,"first":0,"ps":0,"isv":0,"code":1,"signed":0},{"i":2,"p":1,"first":0,"ps":0,"isv":0,"code":2,"signed":1}]	2	1
	37	.frame	1	24	-1	0	0	[{"i":0,"p":-1,"first":1,"ps":0,"isv":0,"code":2,"signed":1}]	0	1
	38	fadd64	3	100	-1	0	0	[{"i":0,"p":-1,"first":1,"ps":0,"isv":0,"code":1,"signed":0},{"i":1,"p":0,"first":0,"ps":0,"isv":0,"code":1,"signed":0},{"i":2,"p":1,"first":0,"ps":0,"isv":0,"code":1,"signed":0}]	2	0
	39	fadd32	3	101	-1	0	0	[{"i":0,"p":-1,"first":1,"ps":0,"isv":0,"code":1,"signed":0},{"i":1,"p":0,"first":0,"ps":0,"isv":0,"code":1,"signed":0},{"i":2,"p":1,"first":0,"ps":0,"isv":0,"code":1,"signed":0}]	2	0
	40	fsub64	3	102	-1	0	0	[{"i":0,"p":-1,"first":1,"ps":0,"isv":0,"code":1,"signed":0},{"i":1,"p":0,"first":0,"ps":0,"isv":0,"code":1,"signed":0},{"i":2,"p":1,"first":0,"ps":0,"isv":0,"code":1,"signed":0}]	2	0
	41	fsub32	3	103	-1	0	0	[{"i":0,"p":-1,"first":1,"ps":0,"isv":0,"code":1,"signed":0},{"i":1,"p":0,"first":0,"ps":0,"isv":0,"code":1,"signed":0},{"i":2,"p":1,"first":0,"ps":0,"isv":0,"code":1,"signed":0}]	2	0
	42	fmul64	3	104	-1	0	0	[{"i":0,"p":-1,"first":1,"ps":0,"isv":0,"code":1,"signed":0},{"i":1,"p":0,"first":0,"ps":0,"isv":0,"code":1,"signed":0},{"i":2,"p":1,"first":0,"ps":0,"isv":0,"code":1,"signed":0}]	2	0
	43	fmul32	3	105	-1	0	0	[{"i":0,"p":-1,"first":1,"ps":0,"isv":0,"code":1,"signed":0},{"i":1,"p":0,"first":0,"ps":0,"isv":0,"code":1,"signed":0},{"i":2,"p":1,"first":0,"ps":0,"isv":0,"code":1,"signed":0}]	2	0
	44	fdiv64	3	106	-1	0	0	[{"i":0,"p":-1,"first":1,"ps":0,"isv":0,"code":1,"signed":0},{"i":1,"p":0,"first":0,"ps":0,"isv":0,"code":1,"signed":0},{"i":2,"p":1,"first":0,"ps":0,"isv":0,"code":1,"signed":0}]	2	0
	45	fdiv32	3	107	-1	0	0	[{"i":0,"p":-1,"first":1,"ps":0,"isv":0,"code":1,"signed":0},{"i":1,"p":0,"first":0,"ps":0,"isv":0,"code":1,"signed":0},{"i":2,"p":1,"first":0,"ps":0,"isv":0,"code":1,"signed":0}]	2	0
	46	flt64	3	108	-1	0	0	[{"i":0,"p":-1,"first":1,"ps":0,"isv":0,"code":1,"signed":0},{"i":1,"p":0,"first":0,"ps":0,"isv":0,"code":1,"signed":0},{"i":2,"p":1,"first":0,"ps":0,"isv":0,"code":1,"signed":0}]	2	0
	47	flt32	3	109	-1	0	0	[{"i":0,"p":-1,"first":1,"ps":0,"isv":0,"code":1,"signed":0},{"i":1,"p":0,"first":0,"ps":0,"isv":0,"code":1,"signed":0},{"i":2,"p":1,"first":0,"ps":0,"isv":0,"code":1,"signed":0}]	2	0
	48	fle64	3	110	-1	0	0	[{"i":0,"p":-1,"first":1,"ps":0,"isv":0,"code":1,"signed":0},{"i":1,"p":0,"first":0,"ps":0,"isv":0,"code":1,"signed":0},{"i":2,"p":1,"first":0,"ps":0,"isv":0,"code":1,"signed":0}]	2	0
	49	fle32	3	111	-1	0	0	[{"i":0,"p":-1,"first":1,"ps":0,"isv":0,"code":1,"signed":0},{"i":1,"p":0,"first":0,"ps":0,"isv":0,"code":1,"signed":0},{"i":2,"p":1,"first":0,"ps":0,"isv":0,"code":1,"signed":0}]	2	0
	50	feq64	3	112	-1	0	0	[{"i":0,"p":-1,"first":1,"ps":0,"isv":0,"code":1,"signed":0},{"i":1,"p":0,"first":0,"ps":0,"isv":0,"code":1,"signed":0},{"i":2,"p":1,"first":0,"ps":0,"isv":0,"code":1,"signed":0}]	2	0
	51	feq32	3	113	-1	0	0	[{"i":0,"p":-1,"first":1,"ps":0,"isv":0,"code":1,"signed":0},{"i":1,"p":0,"first":0,"ps":0,"isv":0,"code":1,"signed":0},{"i":2,"p":1,"first":0,"ps":0,"isv":0,"code":1,"signed":0}]	2	0
	52	cvtid	2	114	-1	0	0	[{"i":0,"p":-1,"first":1,"ps":0,"isv":0,"code":1,"signed":0},{"i":1,"p":0,"first":0,"ps":0,"isv":0,"code":1,"signed":0}]	1	0
	53	cvtud	2	115	-1	0	0	[{"i":0,"p":-1,"first":1,"ps":0,"isv":0,"code":1,"signed":0},{"i":1,"p":0,"first":0,"ps":0,"isv":0,"code":1,"signed":0}]	1	0
	54	cvtis	2	116	-1	0	0	[{"i":0,"p":-1,"first":1,"ps":0,"isv":0,"code":1,"signed":0},{"i":1,"p":0,"first":0,"ps":0,"isv":0,"code":1,"signed":0}]	1	0
	55	cvtus	2	117	-1	0	0	[{"i":0,"p":-1,"first":1,"ps":0,"isv":0,"code":1,"signed":0},{"i":1,"p":0,"first":0,"ps":0,"isv":0,"code":1,"signed":0}]	1	0
	56	cvtdi	2	118	-1	0	0	[{"i":0,"p":-1,"first":1,"ps":0,"isv":0,"code":1,"signed":0},{"i":1,"p":0,"first":0,"ps":0,"isv":0,"code":1,"signed":0}]	1	0
	57	cvtdu	2	119	-1	0	0	[{"i":0,"p":-1,"first":1,"ps":0,"isv":0,"code":1,"signed":0},{"i":1,"p":0,"first":0,"ps":0,"isv":0,"code":1,"signed":0}]	1	0
	58	cvtsd	2	120	-1	0	0	[{"i":0,"p":-1,"first":1,"ps":0,"isv":0,"code":1,"signed":0},{"i":1,"p":0,"first":0,"ps":0,"isv":0,"code":1,"signed":0}]	1	0
	59	cvtds	2	121	-1	0	0	[{"i":0,"p":-1,"first":1,"ps":0,"isv":0,"code":1,"signed":0},{"i":1,"p":0,"first":0,"ps":0,"isv":0,"code":1,"signed":0}]	1	0
	60	fsqrt64	2	122	-1	0	0	[{"i":0,"p":-1,"first":1,"ps":0,"isv":0,"code":1,"signed":0},{"i":1,"p":0,"first":0,"ps":0,"isv":0,"code":1,"signed":0}]	1	0
	61	fsqrt32	2	123	-1	0	0	[{"i":0,"p":-1,"first":1,"ps":0,"isv":0,"code":1,"signed":0},{"i":1,"p":0,"first":0,"ps":0,"isv":0,"code":1,"signed":0}]	1	0
	62	add64	3	7	-1	2332033024	0	[{"i":0,"p":-1,"first":1,"ps":0,"isv":0,"code":1,"signed":0},{"i":1,"p":0,"first":0,"ps":0,"isv":0,"code":1,"signed":0},{"i":2,"p":1,"first":0,"ps":0,"isv":0,"code":1,"signed":0}]	2	0
	63	sub64	3	7	-1	3405774848	0	[{"i":0,"p":-1,"first":1,"ps":0,"isv":0,"code":1,"signed":0},{"i":1,"p":0,"first":0,"ps":0,"isv":0,"code":1,"signed":0},{"i":2,"p":1,"first":0,"ps":0,"isv":0,"code":1,"signed":0}]	2	0
	64	xor64	3	7	-1	3388997632	0	[{"i":0,"p":-1,"first":1,"ps":0,"isv":0,"code":1,"signed":0},{"i":1,"p":0,"first":0,"ps":0,"isv":0,"code":1,"signed":0},{"i":2,"p":1,"first":0,"ps":0,"isv":0,"code":1,"signed":0}]	2	0
	65	and64	3	7	-1	2315255808	0	[{"i":0,"p":-1,"first":1,"ps":0,"isv":0,"code":1,"signed":0},{"i":1,"p":0,"first":0,"ps":0,"isv":0,"code":1,"signed":0},{"i":2,"p":1,"first":0,"ps":0,"isv":0,"code":1,"signed":0}]	2	0
	66	or64	3	7	-1	2852126720	0	[{"i":0,"p":-1,"first":1,"ps":0,"isv":0,"code":1,"signed":0},{"i":1,"p":0,"first":0,"ps":0,"isv":0,"code":1,"signed":0},{"i":2,"p":1,"first":0,"ps":0,"isv":0,"code":1,"signed":0}]	2	0
	67	shl64	3	7	-1	2596282368	0	[{"i":0,"p":-1,"first":1,"ps":0,"isv":0,"code":1,"signed":0},{"i":1,"p":0,"first":0,"ps":0,"isv":0,"code":1,"signed":0},{"i":2,"p":1,"first":0,"ps":0,"isv":0,"code":1,"signed":0}]	2	0
	68	shr64	3	7	-1	2596284416	0	[{"i":0,"p":-1,"first":1,"ps":0,"isv":0,"code":1,"signed":0},{"i":1,"p":0,"first":0,"ps":0,"isv":0,"code":1,"signed":0},{"i":2,"p":1,"first":0,"ps":0,"isv":0,"code":1,"signed":0}]	2	0
	69	lshr64	3	7	-1	2596283392	0	[{"i":0,"p":-1,"first":1,"ps":0,"isv":0,"code":1,"signed":0},{"i":1,"p":0,"first":0,"ps":0,"isv":0,"code":1,"signed":0},{"i":2,"p":1,"first":0,"ps":0,"isv":0,"code":1,"signed":0}]	2	0
	70	slt64	3	8	-1	10	0	[{"i":0,"p":-1,"first":1,"ps":0,"isv":0,"code":1,"signed":0},{"i":1,"p":0,"first":0,"ps":0,"isv":0,"code":1,"signed":0},{"i":2,"p":1,"first":0,"ps":0,"isv":0,"code":1,"signed":0}]	2	0
	71	sle64	3	8	-1	12	0	[{"i":0,"p":-1,"first":1,"ps":0,"isv":0,"code":1,"signed":0},{"i":1,"p":0,"first":0,"ps":0,"isv":0,"code":1,"signed":0},{"i":2,"p":1,"first":0,"ps":0,"isv":0,"code":1,"signed":0}]	2	0
	72	eq	3	8	-1	1	0	[{"i":0,"p":-1,"first":1,"ps":0,"isv":0,"code":1,"signed":0},{"i":1,"p":0,"first":0,"ps":0,"isv":0,"code":1,"signed":0},{"i":2,"p":1,"first":0,"ps":0,"isv":0,"code":1,"signed":0}]	2	0
	73	ne	3	8	-1	0	0	[{"i":0,"p":-1,"first":1,"ps":0,"isv":0,"code":1,"signed":0},{"i":1,"p":0,"first":0,"ps":0,"isv":0,"code":1,"signed":0},{"i":2,"p":1,"first":0,"ps":0,"isv":0,"code":1,"signed":0}]	2	0
	74	ult64	3	8	-1	2	0	[{"i":0,"p":-1,"first":1,"ps":0,"isv":0,"code":1,"signed":0},{"i":1,"p":0,"first":0,"ps":0,"isv":0,"code":1,"signed":0},{"i":2,"p":1,"first":0,"ps":0,"isv":0,"code":1,"signed":0}]	2	0
	75	ule64	3	8	-1	8	0	[{"i":0,"p":-1,"first":1,"ps":0,"isv":0,"code":1,"signed":0},{"i":1,"p":0,"first":0,"ps":0,"isv":0,"code":1,"signed":0},{"i":2,"p":1,"first":0,"ps":0,"isv":0,"code":1,"signed":0}]	2	0
@regs	word:str	n:int
	x0	1
	x1	2
	x2	3
	x3	4
	x4	5
	x5	6
	x6	7
	x7	8
	x8	9
	x9	10
	x10	11
	x11	12
	x12	13
	x13	14
	x14	15
	x15	16
	x16	17
	x17	18
	x18	19
	x19	20
	x20	21
	x21	22
	x22	23
	x23	24
	x24	25
	x25	26
	x26	27
	x27	28
	x28	29
	x29	30
	x30	31
@metakeys	word:str	n:int
	reloc	1
	form	2
	gate	3
	carry	4
	role	5
	catop	6
	sysno	7
	ret	8
	retconv	9
	winapi	10
	winimp	11
	hstd	12
	scr0	13
	scr1	14
	written	15
@imports	word:str	n:int
	GetStdHandle	1
	WriteFile	2
	ReadFile	3
	CloseHandle	4
	CreateFileA	5
	ExitProcess	6
	GetCommandLineA	7
	VirtualAlloc	8
	VirtualProtect	9
	VirtualFree	10
	FlushInstructionCache	11
	SetFilePointer	12
	DeleteFileA	13
	MoveFileExA	14
	CreateProcessW	15
	WaitForSingleObject	16
	GetExitCodeProcess	17
	TerminateProcess	18
	SetStdHandle	19
	GetCurrentProcess	20
	GetCurrentProcessId	21
	GetModuleFileNameW	22
@inputkeys	word:str
	imm
	reg
	mem
	addr
	setreg
	gate
	jump
	jumpz
	call
	true
	false
	svc0
	svc80
	svc
	arm
	winapi
	arm19
	arm26
@headers	word:str
	target
	data
	src_os
	data_len
	bss
	relocs
	argc
	argv
	sym
@winkeys	word:str
	exit
	read
	write
	mmap
	mprotect
	munmap
	close
	open
	lseek
	unlink
	rename
	none
	wcount
	bool_inv
	bool_neg
	dword_sx
	'none
@winreset	word:str
	catop
	winimp
	retconv
	hstd
	written
	scr0
	scr1
@targets	key:str	word:str
	lnx	lnx/arm64
	osx	osx/arm64
	win	win/arm64
@puts	i:int	p:int
	0	-1
	1	0
	2	1
	3	2
