# exec/facts/enc-macho.tsv: written by exec/facts/export.py, do not edit
# input unisa/image/macho.py sha256:397e238aad449a42
# input exec/facts/export.py sha256:7716d28bde4ef9f4
=DATA	int	1099511627776
=VMADDR	int	4294967296
=STRTAB	int	8
=page_minus_one	int	16383
=page_mask	int	-16384
=page4_minus_one	int	4095
=PAGE4	int	4096
=signature_base	int	114
=DLPREFIX	int	32
=DLBINDLEN	int	58
=HDRS_arm64	int	1020
@header_arm64	i:int	width:int	src:str	value:json	endian:str	lead:json
	0	4	const	4277009103	little	[]
	1	4	const	16777228	little	[]
	2	4	const	0	little	[]
	3	4	const	2	little	[]
	4	4	const	12	little	[]
	5	4	const	832	little	[]
	6	4	const	2097285	little	[]
	7	4	const	0	little	[]
	8	4	const	25	little	[]
	9	4	const	72	little	[]
	10	8	const	0	little	["byte95","byte95","byte80","byte65","byte71","byte69","byte90","byte69","byte82","byte79","byte0","byte0","byte0","byte0","byte0","byte0"]
	11	8	const	4294967296	little	[]
	12	8	const	0	little	[]
	13	8	const	0	little	[]
	14	4	const	0	little	[]
	15	4	const	0	little	[]
	16	4	const	0	little	[]
	17	4	const	0	little	[]
	18	4	const	25	little	[]
	19	4	const	152	little	[]
	20	8	const	4294967296	little	["byte95","byte95","byte84","byte69","byte88","byte84","byte0","byte0","byte0","byte0","byte0","byte0","byte0","byte0","byte0","byte0"]
	21	8	reg	"mh_text"	little	[]
	22	8	const	0	little	[]
	23	8	reg	"mh_text"	little	[]
	24	4	const	5	little	[]
	25	4	const	5	little	[]
	26	4	const	1	little	[]
	27	4	const	0	little	[]
	28	8	const	4294968316	little	["byte95","byte95","byte116","byte101","byte120","byte116","byte0","byte0","byte0","byte0","byte0","byte0","byte0","byte0","byte0","byte0","byte95","byte95","byte84","byte69","byte88","byte84","byte0","byte0","byte0","byte0","byte0","byte0","byte0","byte0","byte0","byte0"]
	29	8	reg	"endo"	little	[]
	30	4	const	1020	little	[]
	31	4	const	2	little	[]
	32	4	const	0	little	[]
	33	4	const	0	little	[]
	34	4	const	2147484672	little	[]
	35	4	const	0	little	[]
	36	4	const	0	little	[]
	37	4	const	0	little	[]
	38	4	const	25	little	[]
	39	4	const	232	little	[]
	40	8	reg	"mh_datava"	little	["byte95","byte95","byte68","byte65","byte84","byte65","byte0","byte0","byte0","byte0","byte0","byte0","byte0","byte0","byte0","byte0"]
	41	8	reg	"mh_vm"	little	[]
	42	8	reg	"mh_text"	little	[]
	43	8	reg	"mh_data"	little	[]
	44	4	const	3	little	[]
	45	4	const	3	little	[]
	46	4	const	2	little	[]
	47	4	const	0	little	[]
	48	8	reg	"mh_datava"	little	["byte95","byte95","byte100","byte97","byte116","byte97","byte0","byte0","byte0","byte0","byte0","byte0","byte0","byte0","byte0","byte0","byte95","byte95","byte68","byte65","byte84","byte65","byte0","byte0","byte0","byte0","byte0","byte0","byte0","byte0","byte0","byte0"]
	49	8	reg	"mh_stored"	little	[]
	50	4	reg	"mh_text"	little	[]
	51	4	const	2	little	[]
	52	4	const	0	little	[]
	53	4	const	0	little	[]
	54	4	const	0	little	[]
	55	4	const	0	little	[]
	56	4	const	0	little	[]
	57	4	const	0	little	[]
	58	8	reg	"mh_bssva"	little	["byte95","byte95","byte98","byte115","byte115","byte0","byte0","byte0","byte0","byte0","byte0","byte0","byte0","byte0","byte0","byte0","byte95","byte95","byte68","byte65","byte84","byte65","byte0","byte0","byte0","byte0","byte0","byte0","byte0","byte0","byte0","byte0"]
	59	8	reg	"mh_bsslen"	little	[]
	60	4	const	0	little	[]
	61	4	const	2	little	[]
	62	4	const	0	little	[]
	63	4	const	0	little	[]
	64	4	const	1	little	[]
	65	4	const	0	little	[]
	66	4	const	0	little	[]
	67	4	const	0	little	[]
	68	4	const	25	little	[]
	69	4	const	72	little	[]
	70	8	reg	"mh_linkva"	little	["byte95","byte95","byte76","byte73","byte78","byte75","byte69","byte68","byte73","byte84","byte0","byte0","byte0","byte0","byte0","byte0"]
	71	8	reg	"mh_linkvm"	little	[]
	72	8	reg	"mh_link"	little	[]
	73	8	reg	"mh_linksz"	little	[]
	74	4	const	1	little	[]
	75	4	const	1	little	[]
	76	4	const	0	little	[]
	77	4	const	0	little	[]
	78	4	const	14	little	[]
	79	4	const	32	little	[]
	80	4	const	12	little	[]
	81	4	const	12	little	["byte47","byte117","byte115","byte114","byte47","byte108","byte105","byte98","byte47","byte100","byte121","byte108","byte100","byte0","byte0","byte0","byte0","byte0","byte0","byte0"]
	82	4	const	56	little	[]
	83	4	const	24	little	[]
	84	4	const	0	little	[]
	85	4	const	65536	little	[]
	86	4	const	65536	little	[]
	87	4	const	2147483688	little	["byte47","byte117","byte115","byte114","byte47","byte108","byte105","byte98","byte47","byte108","byte105","byte98","byte83","byte121","byte115","byte116","byte101","byte109","byte46","byte66","byte46","byte100","byte121","byte108","byte105","byte98","byte0","byte0","byte0","byte0","byte0","byte0"]
	88	4	const	24	little	[]
	89	8	reg	"mh_entry"	little	[]
	90	8	const	0	little	[]
	91	4	const	50	little	[]
	92	4	const	24	little	[]
	93	4	const	1	little	[]
	94	4	const	851968	little	[]
	95	4	const	851968	little	[]
	96	4	const	0	little	[]
	97	4	const	2147483682	little	[]
	98	4	const	48	little	[]
	99	4	const	0	little	[]
	100	4	const	0	little	[]
	101	4	reg	"mh_bindoff"	little	[]
	102	4	const	58	little	[]
	103	4	const	0	little	[]
	104	4	const	0	little	[]
	105	4	const	0	little	[]
	106	4	const	0	little	[]
	107	4	const	0	little	[]
	108	4	const	0	little	[]
	109	4	const	2	little	[]
	110	4	const	24	little	[]
	111	4	reg	"mh_link"	little	[]
	112	4	const	0	little	[]
	113	4	reg	"mh_link"	little	[]
	114	4	const	8	little	[]
	115	4	const	11	little	[]
	116	4	const	80	little	[]
	117	4	const	0	little	[]
	118	4	const	0	little	[]
	119	4	const	0	little	[]
	120	4	const	0	little	[]
	121	4	const	0	little	[]
	122	4	const	0	little	[]
	123	4	const	0	little	[]
	124	4	const	0	little	[]
	125	4	const	0	little	[]
	126	4	const	0	little	[]
	127	4	const	0	little	[]
	128	4	const	0	little	[]
	129	4	const	0	little	[]
	130	4	const	0	little	[]
	131	4	const	0	little	[]
	132	4	const	0	little	[]
	133	4	const	0	little	[]
	134	4	const	0	little	[]
	135	4	const	29	little	[]
	136	4	const	16	little	[]
	137	4	reg	"mh_sigoff"	little	[]
	138	4	reg	"mh_siglen"	little	[]
@header_tail_arm64	i:int	width:int	src:str	value:json	endian:str	lead:json
	0	0	none	0	-	["byte0","byte0","byte0","byte0","byte0","byte0","byte0","byte0","byte0","byte0","byte0","byte0","byte0","byte0","byte0","byte0","byte0","byte0","byte0","byte0","byte0","byte0","byte0","byte0","byte0","byte0","byte0","byte0","byte0","byte0","byte0","byte0","byte0","byte0","byte0","byte0","byte0","byte0","byte0","byte0","byte0","byte0","byte0","byte0","byte0","byte0","byte0","byte0","byte0","byte0","byte0","byte0","byte0","byte0","byte0","byte0","byte0","byte0","byte0","byte0","byte0","byte0","byte0","byte0","byte0","byte0","byte0","byte0","byte0","byte0","byte0","byte0","byte0","byte0","byte0","byte0","byte0","byte0","byte0","byte0","byte0","byte0","byte0","byte0","byte0","byte0","byte0","byte0","byte0","byte0","byte0","byte0","byte0","byte0","byte0","byte0","byte0","byte0","byte0","byte0","byte0","byte0","byte0","byte0","byte0","byte0","byte0","byte0","byte0","byte0","byte0","byte0","byte0","byte0","byte0","byte0","byte0","byte0","byte0","byte0","byte0","byte0","byte0","byte0","byte0","byte0","byte0","byte0","byte0","byte0","byte0","byte0","byte0","byte0","byte0","byte0","byte0","byte0","byte0","byte0","byte0","byte0","byte0","byte0","byte0","byte0","byte0","byte0","byte0","byte0","byte0","byte0","byte0","byte0","byte0","byte0"]
@signature_arm64	i:int	width:int	src:str	value:json	endian:str	lead:json
	0	4	const	4208856256	big	[]
	1	4	reg	"mh_siglen"	big	[]
	2	4	const	1	big	[]
	3	4	const	0	big	[]
	4	4	const	20	big	[]
	5	4	const	4208856066	big	["signature-length"]
	6	4	reg	"mh_cdlen"	big	[]
	7	4	const	132096	big	[]
	8	4	const	2	big	[]
	9	4	const	94	big	[]
	10	4	const	88	big	[]
	11	4	const	0	big	[]
	12	4	reg	"mh_slots"	big	[]
	13	4	reg	"mh_sigoff"	big	[]
	14	1	const	32	big	[]
	15	1	const	2	big	[]
	16	1	const	0	big	[]
	17	1	const	12	big	[]
	18	4	const	0	big	[]
	19	4	const	0	big	[]
	20	4	const	0	big	[]
	21	4	const	0	big	[]
	22	8	const	0	big	[]
	23	8	const	0	big	[]
	24	8	reg	"mh_text"	big	[]
	25	8	const	1	big	[]
@signature_tail_arm64	i:int	width:int	src:str	value:json	endian:str	lead:json
	0	0	none	0	-	["byte117","byte110","byte105","byte115","byte97","byte0"]
=HDRS_x86_64	int	1020
@header_x86_64	i:int	width:int	src:str	value:json	endian:str	lead:json
	0	4	const	4277009103	little	[]
	1	4	const	16777223	little	[]
	2	4	const	3	little	[]
	3	4	const	2	little	[]
	4	4	const	12	little	[]
	5	4	const	832	little	[]
	6	4	const	2097285	little	[]
	7	4	const	0	little	[]
	8	4	const	25	little	[]
	9	4	const	72	little	[]
	10	8	const	0	little	["byte95","byte95","byte80","byte65","byte71","byte69","byte90","byte69","byte82","byte79","byte0","byte0","byte0","byte0","byte0","byte0"]
	11	8	const	4294967296	little	[]
	12	8	const	0	little	[]
	13	8	const	0	little	[]
	14	4	const	0	little	[]
	15	4	const	0	little	[]
	16	4	const	0	little	[]
	17	4	const	0	little	[]
	18	4	const	25	little	[]
	19	4	const	152	little	[]
	20	8	const	4294967296	little	["byte95","byte95","byte84","byte69","byte88","byte84","byte0","byte0","byte0","byte0","byte0","byte0","byte0","byte0","byte0","byte0"]
	21	8	reg	"mh_text"	little	[]
	22	8	const	0	little	[]
	23	8	reg	"mh_text"	little	[]
	24	4	const	5	little	[]
	25	4	const	5	little	[]
	26	4	const	1	little	[]
	27	4	const	0	little	[]
	28	8	const	4294968316	little	["byte95","byte95","byte116","byte101","byte120","byte116","byte0","byte0","byte0","byte0","byte0","byte0","byte0","byte0","byte0","byte0","byte95","byte95","byte84","byte69","byte88","byte84","byte0","byte0","byte0","byte0","byte0","byte0","byte0","byte0","byte0","byte0"]
	29	8	reg	"endo"	little	[]
	30	4	const	1020	little	[]
	31	4	const	2	little	[]
	32	4	const	0	little	[]
	33	4	const	0	little	[]
	34	4	const	2147484672	little	[]
	35	4	const	0	little	[]
	36	4	const	0	little	[]
	37	4	const	0	little	[]
	38	4	const	25	little	[]
	39	4	const	232	little	[]
	40	8	reg	"mh_datava"	little	["byte95","byte95","byte68","byte65","byte84","byte65","byte0","byte0","byte0","byte0","byte0","byte0","byte0","byte0","byte0","byte0"]
	41	8	reg	"mh_vm"	little	[]
	42	8	reg	"mh_text"	little	[]
	43	8	reg	"mh_data"	little	[]
	44	4	const	3	little	[]
	45	4	const	3	little	[]
	46	4	const	2	little	[]
	47	4	const	0	little	[]
	48	8	reg	"mh_datava"	little	["byte95","byte95","byte100","byte97","byte116","byte97","byte0","byte0","byte0","byte0","byte0","byte0","byte0","byte0","byte0","byte0","byte95","byte95","byte68","byte65","byte84","byte65","byte0","byte0","byte0","byte0","byte0","byte0","byte0","byte0","byte0","byte0"]
	49	8	reg	"mh_stored"	little	[]
	50	4	reg	"mh_text"	little	[]
	51	4	const	2	little	[]
	52	4	const	0	little	[]
	53	4	const	0	little	[]
	54	4	const	0	little	[]
	55	4	const	0	little	[]
	56	4	const	0	little	[]
	57	4	const	0	little	[]
	58	8	reg	"mh_bssva"	little	["byte95","byte95","byte98","byte115","byte115","byte0","byte0","byte0","byte0","byte0","byte0","byte0","byte0","byte0","byte0","byte0","byte95","byte95","byte68","byte65","byte84","byte65","byte0","byte0","byte0","byte0","byte0","byte0","byte0","byte0","byte0","byte0"]
	59	8	reg	"mh_bsslen"	little	[]
	60	4	const	0	little	[]
	61	4	const	2	little	[]
	62	4	const	0	little	[]
	63	4	const	0	little	[]
	64	4	const	1	little	[]
	65	4	const	0	little	[]
	66	4	const	0	little	[]
	67	4	const	0	little	[]
	68	4	const	25	little	[]
	69	4	const	72	little	[]
	70	8	reg	"mh_linkva"	little	["byte95","byte95","byte76","byte73","byte78","byte75","byte69","byte68","byte73","byte84","byte0","byte0","byte0","byte0","byte0","byte0"]
	71	8	reg	"mh_linkvm"	little	[]
	72	8	reg	"mh_link"	little	[]
	73	8	reg	"mh_linksz"	little	[]
	74	4	const	1	little	[]
	75	4	const	1	little	[]
	76	4	const	0	little	[]
	77	4	const	0	little	[]
	78	4	const	14	little	[]
	79	4	const	32	little	[]
	80	4	const	12	little	[]
	81	4	const	12	little	["byte47","byte117","byte115","byte114","byte47","byte108","byte105","byte98","byte47","byte100","byte121","byte108","byte100","byte0","byte0","byte0","byte0","byte0","byte0","byte0"]
	82	4	const	56	little	[]
	83	4	const	24	little	[]
	84	4	const	0	little	[]
	85	4	const	65536	little	[]
	86	4	const	65536	little	[]
	87	4	const	2147483688	little	["byte47","byte117","byte115","byte114","byte47","byte108","byte105","byte98","byte47","byte108","byte105","byte98","byte83","byte121","byte115","byte116","byte101","byte109","byte46","byte66","byte46","byte100","byte121","byte108","byte105","byte98","byte0","byte0","byte0","byte0","byte0","byte0"]
	88	4	const	24	little	[]
	89	8	reg	"mh_entry"	little	[]
	90	8	const	0	little	[]
	91	4	const	50	little	[]
	92	4	const	24	little	[]
	93	4	const	1	little	[]
	94	4	const	851968	little	[]
	95	4	const	851968	little	[]
	96	4	const	0	little	[]
	97	4	const	2147483682	little	[]
	98	4	const	48	little	[]
	99	4	const	0	little	[]
	100	4	const	0	little	[]
	101	4	reg	"mh_bindoff"	little	[]
	102	4	const	58	little	[]
	103	4	const	0	little	[]
	104	4	const	0	little	[]
	105	4	const	0	little	[]
	106	4	const	0	little	[]
	107	4	const	0	little	[]
	108	4	const	0	little	[]
	109	4	const	2	little	[]
	110	4	const	24	little	[]
	111	4	reg	"mh_link"	little	[]
	112	4	const	0	little	[]
	113	4	reg	"mh_link"	little	[]
	114	4	const	8	little	[]
	115	4	const	11	little	[]
	116	4	const	80	little	[]
	117	4	const	0	little	[]
	118	4	const	0	little	[]
	119	4	const	0	little	[]
	120	4	const	0	little	[]
	121	4	const	0	little	[]
	122	4	const	0	little	[]
	123	4	const	0	little	[]
	124	4	const	0	little	[]
	125	4	const	0	little	[]
	126	4	const	0	little	[]
	127	4	const	0	little	[]
	128	4	const	0	little	[]
	129	4	const	0	little	[]
	130	4	const	0	little	[]
	131	4	const	0	little	[]
	132	4	const	0	little	[]
	133	4	const	0	little	[]
	134	4	const	0	little	[]
	135	4	const	29	little	[]
	136	4	const	16	little	[]
	137	4	reg	"mh_sigoff"	little	[]
	138	4	reg	"mh_siglen"	little	[]
@header_tail_x86_64	i:int	width:int	src:str	value:json	endian:str	lead:json
	0	0	none	0	-	["byte0","byte0","byte0","byte0","byte0","byte0","byte0","byte0","byte0","byte0","byte0","byte0","byte0","byte0","byte0","byte0","byte0","byte0","byte0","byte0","byte0","byte0","byte0","byte0","byte0","byte0","byte0","byte0","byte0","byte0","byte0","byte0","byte0","byte0","byte0","byte0","byte0","byte0","byte0","byte0","byte0","byte0","byte0","byte0","byte0","byte0","byte0","byte0","byte0","byte0","byte0","byte0","byte0","byte0","byte0","byte0","byte0","byte0","byte0","byte0","byte0","byte0","byte0","byte0","byte0","byte0","byte0","byte0","byte0","byte0","byte0","byte0","byte0","byte0","byte0","byte0","byte0","byte0","byte0","byte0","byte0","byte0","byte0","byte0","byte0","byte0","byte0","byte0","byte0","byte0","byte0","byte0","byte0","byte0","byte0","byte0","byte0","byte0","byte0","byte0","byte0","byte0","byte0","byte0","byte0","byte0","byte0","byte0","byte0","byte0","byte0","byte0","byte0","byte0","byte0","byte0","byte0","byte0","byte0","byte0","byte0","byte0","byte0","byte0","byte0","byte0","byte0","byte0","byte0","byte0","byte0","byte0","byte0","byte0","byte0","byte0","byte0","byte0","byte0","byte0","byte0","byte0","byte0","byte0","byte0","byte0","byte0","byte0","byte0","byte0","byte0","byte0","byte0","byte0","byte0","byte0"]
@signature_x86_64	i:int	width:int	src:str	value:json	endian:str	lead:json
	0	4	const	4208856256	big	[]
	1	4	reg	"mh_siglen"	big	[]
	2	4	const	1	big	[]
	3	4	const	0	big	[]
	4	4	const	20	big	[]
	5	4	const	4208856066	big	["signature-length"]
	6	4	reg	"mh_cdlen"	big	[]
	7	4	const	132096	big	[]
	8	4	const	2	big	[]
	9	4	const	94	big	[]
	10	4	const	88	big	[]
	11	4	const	0	big	[]
	12	4	reg	"mh_slots"	big	[]
	13	4	reg	"mh_sigoff"	big	[]
	14	1	const	32	big	[]
	15	1	const	2	big	[]
	16	1	const	0	big	[]
	17	1	const	12	big	[]
	18	4	const	0	big	[]
	19	4	const	0	big	[]
	20	4	const	0	big	[]
	21	4	const	0	big	[]
	22	8	const	0	big	[]
	23	8	const	0	big	[]
	24	8	reg	"mh_text"	big	[]
	25	8	const	1	big	[]
@signature_tail_x86_64	i:int	width:int	src:str	value:json	endian:str	lead:json
	0	0	none	0	-	["byte117","byte110","byte105","byte115","byte97","byte0"]
@prefix	i:int	width:int	src:str	value:json	endian:str	lead:json
	0	0	none	0	-	["byte0","byte0","byte0","byte0","byte0","byte0","byte0","byte0","byte0","byte0","byte0","byte0","byte0","byte0","byte0","byte0","byte0","byte0","byte0","byte0","byte0","byte0","byte0","byte0","byte0","byte0","byte0","byte0","byte0","byte0","byte0","byte0"]
@binddata	i:int	width:int	src:str	value:json	endian:str	lead:json
	0	0	none	0	-	["byte17","byte81","byte114","byte0","byte64","byte95","byte100","byte108","byte111","byte112","byte101","byte110","byte0","byte144","byte17","byte81","byte114","byte8","byte64","byte95","byte100","byte108","byte115","byte121","byte109","byte0","byte144","byte17","byte81","byte114","byte16","byte64","byte95","byte100","byte108","byte99","byte108","byte111","byte115","byte101","byte0","byte144","byte17","byte81","byte114","byte24","byte64","byte95","byte100","byte108","byte101","byte114","byte114","byte111","byte114","byte0","byte144","byte0"]
@bytes	v:int
	0
	100
	101
	105
	108
	109
	110
	111
	112
	114
	115
	116
	117
	120
	121
	144
	16
	17
	24
	46
	47
	64
	65
	66
	68
	69
	71
	73
	75
	76
	78
	79
	8
	80
	81
	82
	83
	84
	88
	90
	95
	97
	98
	99
