# exec/facts/enc-pe.tsv: written by exec/facts/export.py, do not edit
# input unisa/image/pe.py sha256:c5fc12228ef789da
# input exec/facts/export.py sha256:f53c0bcbb22f3660
=DATA	int	1099511627776
=RELOCS	int	4398046511104
=SORTED	int	5497558138880
=TEXT_RVA	int	4096
=IMAGEBASE	int	5368709120
=HDR_FILE	int	1024
=section_minus_one	int	4095
=section_mask	int	-4096
=file_minus_one	int	511
=file_mask	int	-512
=import_vsize	int	4096
=import_fsize	int	1536
=cookie_at	int	896
=cfg	int	808
=iat	int	224
=dlloff	int	788
@header_arm64	i:int	width:int	src:str	value:json	endian:str	lead:json
	0	4	const	64	little	["byte77","byte90","byte0","byte0","byte0","byte0","byte0","byte0","byte0","byte0","byte0","byte0","byte0","byte0","byte0","byte0","byte0","byte0","byte0","byte0","byte0","byte0","byte0","byte0","byte0","byte0","byte0","byte0","byte0","byte0","byte0","byte0","byte0","byte0","byte0","byte0","byte0","byte0","byte0","byte0","byte0","byte0","byte0","byte0","byte0","byte0","byte0","byte0","byte0","byte0","byte0","byte0","byte0","byte0","byte0","byte0","byte0","byte0","byte0","byte0"]
	1	2	const	43620	little	["byte80","byte69","byte0","byte0"]
	2	2	const	4	little	[]
	3	4	const	0	little	[]
	4	4	const	0	little	[]
	5	4	const	0	little	[]
	6	2	const	240	little	[]
	7	2	const	34	little	[]
	8	2	const	523	little	["entry-value"]
	9	1	const	14	little	[]
	10	1	const	0	little	[]
	11	4	reg	"pe_tf"	little	[]
	12	4	const	0	little	[]
	13	4	const	0	little	[]
	14	4	reg	"pe_entry"	little	[]
	15	4	const	4096	little	[]
	16	8	const	5368709120	little	[]
	17	4	const	4096	little	[]
	18	4	const	512	little	[]
	19	2	const	4	little	[]
	20	2	const	0	little	[]
	21	2	const	0	little	[]
	22	2	const	0	little	[]
	23	2	const	4	little	[]
	24	2	const	0	little	[]
	25	4	const	0	little	[]
	26	4	reg	"pe_img"	little	[]
	27	4	const	1024	little	[]
	28	4	const	0	little	[]
	29	2	const	3	little	[]
	30	2	const	33120	little	[]
	31	8	const	1048576	little	[]
	32	8	const	4096	little	[]
	33	8	const	1048576	little	[]
	34	8	const	4096	little	[]
	35	4	const	0	little	[]
	36	4	const	16	little	[]
	37	4	const	0	little	["directory-values"]
	38	4	const	0	little	[]
	39	4	reg	"pe_rd"	little	[]
	40	4	const	40	little	[]
	41	4	const	0	little	[]
	42	4	const	0	little	[]
	43	4	const	0	little	[]
	44	4	const	0	little	[]
	45	4	const	0	little	[]
	46	4	const	0	little	[]
	47	4	reg	"pe_rr"	little	[]
	48	4	reg	"pe_rlsize"	little	[]
	49	4	const	0	little	[]
	50	4	const	0	little	[]
	51	4	const	0	little	[]
	52	4	const	0	little	[]
	53	4	const	0	little	[]
	54	4	const	0	little	[]
	55	4	const	0	little	[]
	56	4	const	0	little	[]
	57	4	reg	"pe_cfg"	little	[]
	58	4	const	320	little	[]
	59	4	const	0	little	[]
	60	4	const	0	little	[]
	61	4	reg	"pe_iat"	little	[]
	62	4	const	184	little	[]
	63	4	const	0	little	[]
	64	4	const	0	little	[]
	65	4	const	0	little	[]
	66	4	const	0	little	[]
	67	4	const	0	little	[]
	68	4	const	0	little	[]
	69	4	reg	"endo"	little	["byte46","byte116","byte101","byte120","byte116","byte0","byte0","byte0"]
	70	4	const	4096	little	[]
	71	4	reg	"pe_tf"	little	[]
	72	4	const	1024	little	[]
	73	4	const	0	little	[]
	74	4	const	0	little	[]
	75	2	const	0	little	[]
	76	2	const	0	little	[]
	77	4	const	1610612768	little	[]
	78	4	const	1128	little	["byte46","byte114","byte100","byte97","byte116","byte97","byte0","byte0"]
	79	4	reg	"pe_rd"	little	[]
	80	4	const	1536	little	[]
	81	4	reg	"pe_rf"	little	[]
	82	4	const	0	little	[]
	83	4	const	0	little	[]
	84	2	const	0	little	[]
	85	2	const	0	little	[]
	86	4	const	1073741888	little	[]
	87	4	reg	"pe_dvs"	little	["byte46","byte100","byte97","byte116","byte97","byte0","byte0","byte0"]
	88	4	reg	"pe_dt"	little	[]
	89	4	reg	"pe_datafile"	little	[]
	90	4	reg	"pe_df"	little	[]
	91	4	const	0	little	[]
	92	4	const	0	little	[]
	93	2	const	0	little	[]
	94	2	const	0	little	[]
	95	4	const	3221225536	little	[]
	96	4	reg	"pe_rlsize"	little	["reloc-align","byte46","byte114","byte101","byte108","byte111","byte99","byte0","byte0"]
	97	4	reg	"pe_rr"	little	[]
	98	4	reg	"pe_rsize"	little	[]
	99	4	reg	"pe_relf"	little	[]
	100	4	const	0	little	[]
	101	4	const	0	little	[]
	102	2	const	0	little	[]
	103	2	const	0	little	[]
	104	4	const	1107296320	little	[]
@header_tail_arm64	i:int	width:int	src:str	value:json	endian:str	lead:json
	0	0	none	0	-	[]
@header_x86_64	i:int	width:int	src:str	value:json	endian:str	lead:json
	0	4	const	64	little	["byte77","byte90","byte0","byte0","byte0","byte0","byte0","byte0","byte0","byte0","byte0","byte0","byte0","byte0","byte0","byte0","byte0","byte0","byte0","byte0","byte0","byte0","byte0","byte0","byte0","byte0","byte0","byte0","byte0","byte0","byte0","byte0","byte0","byte0","byte0","byte0","byte0","byte0","byte0","byte0","byte0","byte0","byte0","byte0","byte0","byte0","byte0","byte0","byte0","byte0","byte0","byte0","byte0","byte0","byte0","byte0","byte0","byte0","byte0","byte0"]
	1	2	const	34404	little	["byte80","byte69","byte0","byte0"]
	2	2	const	4	little	[]
	3	4	const	0	little	[]
	4	4	const	0	little	[]
	5	4	const	0	little	[]
	6	2	const	240	little	[]
	7	2	const	34	little	[]
	8	2	const	523	little	["entry-value"]
	9	1	const	14	little	[]
	10	1	const	0	little	[]
	11	4	reg	"pe_tf"	little	[]
	12	4	const	0	little	[]
	13	4	const	0	little	[]
	14	4	reg	"pe_entry"	little	[]
	15	4	const	4096	little	[]
	16	8	const	5368709120	little	[]
	17	4	const	4096	little	[]
	18	4	const	512	little	[]
	19	2	const	4	little	[]
	20	2	const	0	little	[]
	21	2	const	0	little	[]
	22	2	const	0	little	[]
	23	2	const	4	little	[]
	24	2	const	0	little	[]
	25	4	const	0	little	[]
	26	4	reg	"pe_img"	little	[]
	27	4	const	1024	little	[]
	28	4	const	0	little	[]
	29	2	const	3	little	[]
	30	2	const	33120	little	[]
	31	8	const	1048576	little	[]
	32	8	const	4096	little	[]
	33	8	const	1048576	little	[]
	34	8	const	4096	little	[]
	35	4	const	0	little	[]
	36	4	const	16	little	[]
	37	4	const	0	little	["directory-values"]
	38	4	const	0	little	[]
	39	4	reg	"pe_rd"	little	[]
	40	4	const	40	little	[]
	41	4	const	0	little	[]
	42	4	const	0	little	[]
	43	4	const	0	little	[]
	44	4	const	0	little	[]
	45	4	const	0	little	[]
	46	4	const	0	little	[]
	47	4	reg	"pe_rr"	little	[]
	48	4	reg	"pe_rlsize"	little	[]
	49	4	const	0	little	[]
	50	4	const	0	little	[]
	51	4	const	0	little	[]
	52	4	const	0	little	[]
	53	4	const	0	little	[]
	54	4	const	0	little	[]
	55	4	const	0	little	[]
	56	4	const	0	little	[]
	57	4	reg	"pe_cfg"	little	[]
	58	4	const	320	little	[]
	59	4	const	0	little	[]
	60	4	const	0	little	[]
	61	4	reg	"pe_iat"	little	[]
	62	4	const	184	little	[]
	63	4	const	0	little	[]
	64	4	const	0	little	[]
	65	4	const	0	little	[]
	66	4	const	0	little	[]
	67	4	const	0	little	[]
	68	4	const	0	little	[]
	69	4	reg	"endo"	little	["byte46","byte116","byte101","byte120","byte116","byte0","byte0","byte0"]
	70	4	const	4096	little	[]
	71	4	reg	"pe_tf"	little	[]
	72	4	const	1024	little	[]
	73	4	const	0	little	[]
	74	4	const	0	little	[]
	75	2	const	0	little	[]
	76	2	const	0	little	[]
	77	4	const	1610612768	little	[]
	78	4	const	1128	little	["byte46","byte114","byte100","byte97","byte116","byte97","byte0","byte0"]
	79	4	reg	"pe_rd"	little	[]
	80	4	const	1536	little	[]
	81	4	reg	"pe_rf"	little	[]
	82	4	const	0	little	[]
	83	4	const	0	little	[]
	84	2	const	0	little	[]
	85	2	const	0	little	[]
	86	4	const	1073741888	little	[]
	87	4	reg	"pe_dvs"	little	["byte46","byte100","byte97","byte116","byte97","byte0","byte0","byte0"]
	88	4	reg	"pe_dt"	little	[]
	89	4	reg	"pe_datafile"	little	[]
	90	4	reg	"pe_df"	little	[]
	91	4	const	0	little	[]
	92	4	const	0	little	[]
	93	2	const	0	little	[]
	94	2	const	0	little	[]
	95	4	const	3221225536	little	[]
	96	4	reg	"pe_rlsize"	little	["reloc-align","byte46","byte114","byte101","byte108","byte111","byte99","byte0","byte0"]
	97	4	reg	"pe_rr"	little	[]
	98	4	reg	"pe_rsize"	little	[]
	99	4	reg	"pe_relf"	little	[]
	100	4	const	0	little	[]
	101	4	const	0	little	[]
	102	2	const	0	little	[]
	103	2	const	0	little	[]
	104	4	const	1107296320	little	[]
@header_tail_x86_64	i:int	width:int	src:str	value:json	endian:str	lead:json
	0	0	none	0	-	[]
@imports	i:int	width:int	src:str	value:json	endian:str	lead:json
	0	4	reg	"pe_int"	little	["import-values"]
	1	4	const	0	little	[]
	2	4	const	0	little	[]
	3	4	reg	"pe_dll"	little	[]
	4	4	reg	"pe_iat"	little	[]
	5	8	reg	"pe_name"	little	["byte0","byte0","byte0","byte0","byte0","byte0","byte0","byte0","byte0","byte0","byte0","byte0","byte0","byte0","byte0","byte0","byte0","byte0","byte0","byte0","name-value408"]
	6	8	reg	"pe_name"	little	["name-value424"]
	7	8	reg	"pe_name"	little	["name-value436"]
	8	8	reg	"pe_name"	little	["name-value448"]
	9	8	reg	"pe_name"	little	["name-value462"]
	10	8	reg	"pe_name"	little	["name-value476"]
	11	8	reg	"pe_name"	little	["name-value490"]
	12	8	reg	"pe_name"	little	["name-value508"]
	13	8	reg	"pe_name"	little	["name-value524"]
	14	8	reg	"pe_name"	little	["name-value542"]
	15	8	reg	"pe_name"	little	["name-value556"]
	16	8	reg	"pe_name"	little	["name-value580"]
	17	8	reg	"pe_name"	little	["name-value598"]
	18	8	reg	"pe_name"	little	["name-value612"]
	19	8	reg	"pe_name"	little	["name-value626"]
	20	8	reg	"pe_name"	little	["name-value644"]
	21	8	reg	"pe_name"	little	["name-value666"]
	22	8	reg	"pe_name"	little	["name-value688"]
	23	8	reg	"pe_name"	little	["name-value708"]
	24	8	reg	"pe_name"	little	["name-value724"]
	25	8	reg	"pe_name"	little	["name-value744"]
	26	8	reg	"pe_name"	little	["name-value766"]
	27	8	const	0	little	[]
	28	8	reg	"pe_name"	little	["name-value408"]
	29	8	reg	"pe_name"	little	["name-value424"]
	30	8	reg	"pe_name"	little	["name-value436"]
	31	8	reg	"pe_name"	little	["name-value448"]
	32	8	reg	"pe_name"	little	["name-value462"]
	33	8	reg	"pe_name"	little	["name-value476"]
	34	8	reg	"pe_name"	little	["name-value490"]
	35	8	reg	"pe_name"	little	["name-value508"]
	36	8	reg	"pe_name"	little	["name-value524"]
	37	8	reg	"pe_name"	little	["name-value542"]
	38	8	reg	"pe_name"	little	["name-value556"]
	39	8	reg	"pe_name"	little	["name-value580"]
	40	8	reg	"pe_name"	little	["name-value598"]
	41	8	reg	"pe_name"	little	["name-value612"]
	42	8	reg	"pe_name"	little	["name-value626"]
	43	8	reg	"pe_name"	little	["name-value644"]
	44	8	reg	"pe_name"	little	["name-value666"]
	45	8	reg	"pe_name"	little	["name-value688"]
	46	8	reg	"pe_name"	little	["name-value708"]
	47	8	reg	"pe_name"	little	["name-value724"]
	48	8	reg	"pe_name"	little	["name-value744"]
	49	8	reg	"pe_name"	little	["name-value766"]
	50	8	const	0	little	[]
	51	4	const	320	little	["byte0","byte0","byte71","byte101","byte116","byte83","byte116","byte100","byte72","byte97","byte110","byte100","byte108","byte101","byte0","byte0","byte0","byte0","byte87","byte114","byte105","byte116","byte101","byte70","byte105","byte108","byte101","byte0","byte0","byte0","byte82","byte101","byte97","byte100","byte70","byte105","byte108","byte101","byte0","byte0","byte0","byte0","byte67","byte108","byte111","byte115","byte101","byte72","byte97","byte110","byte100","byte108","byte101","byte0","byte0","byte0","byte67","byte114","byte101","byte97","byte116","byte101","byte70","byte105","byte108","byte101","byte65","byte0","byte0","byte0","byte69","byte120","byte105","byte116","byte80","byte114","byte111","byte99","byte101","byte115","byte115","byte0","byte0","byte0","byte71","byte101","byte116","byte67","byte111","byte109","byte109","byte97","byte110","byte100","byte76","byte105","byte110","byte101","byte65","byte0","byte0","byte0","byte86","byte105","byte114","byte116","byte117","byte97","byte108","byte65","byte108","byte108","byte111","byte99","byte0","byte0","byte0","byte0","byte86","byte105","byte114","byte116","byte117","byte97","byte108","byte80","byte114","byte111","byte116","byte101","byte99","byte116","byte0","byte0","byte0","byte0","byte86","byte105","byte114","byte116","byte117","byte97","byte108","byte70","byte114","byte101","byte101","byte0","byte0","byte0","byte70","byte108","byte117","byte115","byte104","byte73","byte110","byte115","byte116","byte114","byte117","byte99","byte116","byte105","byte111","byte110","byte67","byte97","byte99","byte104","byte101","byte0","byte0","byte0","byte83","byte101","byte116","byte70","byte105","byte108","byte101","byte80","byte111","byte105","byte110","byte116","byte101","byte114","byte0","byte0","byte0","byte0","byte68","byte101","byte108","byte101","byte116","byte101","byte70","byte105","byte108","byte101","byte65","byte0","byte0","byte0","byte77","byte111","byte118","byte101","byte70","byte105","byte108","byte101","byte69","byte120","byte65","byte0","byte0","byte0","byte67","byte114","byte101","byte97","byte116","byte101","byte80","byte114","byte111","byte99","byte101","byte115","byte115","byte87","byte0","byte0","byte0","byte0","byte87","byte97","byte105","byte116","byte70","byte111","byte114","byte83","byte105","byte110","byte103","byte108","byte101","byte79","byte98","byte106","byte101","byte99","byte116","byte0","byte0","byte0","byte71","byte101","byte116","byte69","byte120","byte105","byte116","byte67","byte111","byte100","byte101","byte80","byte114","byte111","byte99","byte101","byte115","byte115","byte0","byte0","byte0","byte0","byte84","byte101","byte114","byte109","byte105","byte110","byte97","byte116","byte101","byte80","byte114","byte111","byte99","byte101","byte115","byte115","byte0","byte0","byte0","byte0","byte83","byte101","byte116","byte83","byte116","byte100","byte72","byte97","byte110","byte100","byte108","byte101","byte0","byte0","byte0","byte0","byte71","byte101","byte116","byte67","byte117","byte114","byte114","byte101","byte110","byte116","byte80","byte114","byte111","byte99","byte101","byte115","byte115","byte0","byte0","byte0","byte71","byte101","byte116","byte67","byte117","byte114","byte114","byte101","byte110","byte116","byte80","byte114","byte111","byte99","byte101","byte115","byte115","byte73","byte100","byte0","byte0","byte0","byte71","byte101","byte116","byte77","byte111","byte100","byte117","byte108","byte101","byte70","byte105","byte108","byte101","byte78","byte97","byte109","byte101","byte87","byte0","byte0","byte75","byte69","byte82","byte78","byte69","byte76","byte51","byte50","byte46","byte100","byte108","byte108","byte0","byte0","byte0","byte0","byte0","byte0","byte0","byte0"]
	52	8	reg	"pe_cookie"	little	["byte0","byte0","byte0","byte0","byte0","byte0","byte0","byte0","byte0","byte0","byte0","byte0","byte0","byte0","byte0","byte0","byte0","byte0","byte0","byte0","byte0","byte0","byte0","byte0","byte0","byte0","byte0","byte0","byte0","byte0","byte0","byte0","byte0","byte0","byte0","byte0","byte0","byte0","byte0","byte0","byte0","byte0","byte0","byte0","byte0","byte0","byte0","byte0","byte0","byte0","byte0","byte0","byte0","byte0","byte0","byte0","byte0","byte0","byte0","byte0","byte0","byte0","byte0","byte0","byte0","byte0","byte0","byte0","byte0","byte0","byte0","byte0","byte0","byte0","byte0","byte0","byte0","byte0","byte0","byte0","byte0","byte0","byte0","byte0"]
@imports_tail	i:int	width:int	src:str	value:json	endian:str	lead:json
	0	0	none	0	-	["byte0","byte0","byte0","byte0","byte0","byte0","byte0","byte0","byte0","byte0","byte0","byte0","byte0","byte0","byte0","byte0","byte0","byte0","byte0","byte0","byte0","byte0","byte0","byte0","byte0","byte0","byte0","byte0","byte0","byte0","byte0","byte0","byte0","byte0","byte0","byte0","byte0","byte0","byte0","byte0","byte0","byte0","byte0","byte0","byte0","byte0","byte0","byte0","byte0","byte0","byte0","byte0","byte0","byte0","byte0","byte0","byte0","byte0","byte0","byte0","byte0","byte0","byte0","byte0","byte0","byte0","byte0","byte0","byte0","byte0","byte0","byte0","byte0","byte0","byte0","byte0","byte0","byte0","byte0","byte0","byte0","byte0","byte0","byte0","byte0","byte0","byte0","byte0","byte0","byte0","byte0","byte0","byte0","byte0","byte0","byte0","byte0","byte0","byte0","byte0","byte0","byte0","byte0","byte0","byte0","byte0","byte0","byte0","byte0","byte0","byte0","byte0","byte0","byte0","byte0","byte0","byte0","byte0","byte0","byte0","byte0","byte0","byte0","byte0","byte0","byte0","byte0","byte0","byte0","byte0","byte0","byte0","byte0","byte0","byte0","byte0","byte0","byte0","byte0","byte0","byte0","byte0","byte0","byte0","byte0","byte0","byte0","byte0","byte0","byte0","byte0","byte0","byte0","byte0","byte0","byte0","byte0","byte0","byte0","byte0","byte0","byte0","byte0","byte0","byte0","byte0","byte0","byte0","byte0","byte0","byte0","byte0","byte0","byte0","byte0","byte0","byte0","byte0","byte0","byte0","byte0","byte0","byte0","byte0","byte0","byte0","byte0","byte0","byte0","byte0","byte0","byte0","byte0","byte0","byte0","byte0","byte0","byte0","byte0","byte0","byte0","byte0","byte0","byte0","byte0","byte0","byte0","byte0","byte0","byte0","byte0","byte0","byte0","byte0","byte0","byte0","byte0","byte0","byte0","byte0","byte0","byte0","byte0","byte0"]
@bytes	v:int
	0
	100
	101
	103
	104
	105
	106
	108
	109
	110
	111
	114
	115
	116
	117
	118
	120
	46
	50
	51
	65
	67
	68
	69
	70
	71
	72
	73
	75
	76
	77
	78
	79
	80
	82
	83
	84
	86
	87
	90
	97
	98
	99
@names	offset:int
	408
	424
	436
	448
	462
	476
	490
	508
	524
	542
	556
	580
	598
	612
	626
	644
	666
	688
	708
	724
	744
	766
