# exec/facts/k2-gen2-tokens.tsv: written by exec/facts/export.py, do not edit
# input exec/parse/gen.py sha256:9d8fac2cf54d9e57
# input exec/build/parse2base.py sha256:b3052b157f6ee183
# input exec/parse/token-prefixes.tsv sha256:f00490556d9a1464
# input exec/finite_rules.py sha256:6dbd15c183a141bb
# input exec/facts/export.py sha256:5f92e490583cfcd5
=N	json	[{"name": "", "span": [], "children": [{"name": "!", "last": 33}, {"name": "%", "last": 37}, {"name": "&", "last": 38}, {"name": "(", "last": 40}, {"name": ")", "last": 41}, {"name": "*", "last": 42}, {"name": "+", "last": 43}, {"name": ",", "last": 44}, {"name": "-", "last": 45}, {"name": ".", "last": 46}, {"name": "/", "last": 47}, {"name": ":", "last": 58}, {"name": ";", "last": 59}, {"name": "<", "last": 60}, {"name": "=", "last": 61}, {"name": ">", "last": 62}, {"name": "?", "last": 63}, {"name": "[", "last": 91}, {"name": "]", "last": 93}, {"name": "^", "last": 94}, {"name": "b", "last": 98}, {"name": "c", "last": 99}, {"name": "d", "last": 100}, {"name": "e", "last": 101}, {"name": "f", "last": 102}, {"name": "g", "last": 103}, {"name": "i", "last": 105}, {"name": "n", "last": 110}, {"name": "r", "last": 114}, {"name": "s", "last": 115}, {"name": "t", "last": 116}, {"name": "u", "last": 117}, {"name": "w", "last": 119}, {"name": "{", "last": 123}, {"name": "|", "last": 124}, {"name": "}", "last": 125}, {"name": "~", "last": 126}], "q": [], "w": [], "tail": [{"tok": 103}]}, {"name": "!", "span": [], "children": [{"name": "!=", "last": 61}], "q": [], "w": [{"tok": 17}], "tail": [{"tok": 103}]}, {"name": "!=", "span": [], "children": [], "q": [], "w": [{"tok": 33}], "tail": [{"tok": 103}]}, {"name": "%", "span": [], "children": [{"name": "%=", "last": 61}], "q": [], "w": [{"tok": 34}], "tail": [{"tok": 103}]}, {"name": "%=", "span": [], "children": [], "q": [], "w": [{"tok": 27}], "tail": [{"tok": 103}]}, {"name": "&", "span": [], "children": [{"name": "&&", "last": 38}, {"name": "&=", "last": 61}], "q": [], "w": [{"tok": 35}], "tail": [{"tok": 103}]}, {"name": "&&", "span": [], "children": [], "q": [], "w": [{"tok": 36}], "tail": [{"tok": 103}]}, {"name": "&=", "span": [], "children": [], "q": [], "w": [{"tok": 30}], "tail": [{"tok": 103}]}, {"name": "(", "span": [], "children": [], "q": [], "w": [{"tok": 10}], "tail": [{"tok": 103}]}, {"name": ")", "span": [], "children": [], "q": [], "w": [{"tok": 11}], "tail": [{"tok": 103}]}, {"name": "*", "span": [], "children": [{"name": "*=", "last": 61}], "q": [], "w": [{"tok": 37}], "tail": [{"tok": 103}]}, {"name": "*=", "span": [], "children": [], "q": [], "w": [{"tok": 25}], "tail": [{"tok": 103}]}, {"name": "+", "span": [], "children": [{"name": "++", "last": 43}, {"name": "+=", "last": 61}], "q": [], "w": [{"tok": 38}], "tail": [{"tok": 103}]}, {"name": "++", "span": [], "children": [], "q": [], "w": [{"tok": 19}], "tail": [{"tok": 103}]}, {"name": "+=", "span": [], "children": [], "q": [], "w": [{"tok": 23}], "tail": [{"tok": 103}]}, {"name": ",", "span": [], "children": [], "q": [], "w": [{"tok": 15}], "tail": [{"tok": 103}]}, {"name": "-", "span": [], "children": [{"name": "--", "last": 45}, {"name": "-=", "last": 61}, {"name": "->", "last": 62}], "q": [], "w": [{"tok": 39}], "tail": [{"tok": 103}]}, {"name": "--", "span": [], "children": [], "q": [], "w": [{"tok": 20}], "tail": [{"tok": 103}]}, {"name": "-=", "span": [], "children": [], "q": [], "w": [{"tok": 24}], "tail": [{"tok": 103}]}, {"name": "->", "span": [], "children": [], "q": [], "w": [{"tok": 67}], "tail": [{"tok": 103}]}, {"name": ".", "span": [], "children": [{"name": "..", "last": 46}], "q": [], "w": [{"tok": 66}], "tail": [{"tok": 103}]}, {"name": "..", "span": [], "children": [{"name": "...", "last": 46}], "q": [], "w": [], "tail": [{"tok": 103}]}, {"name": "...", "span": [], "children": [], "q": [], "w": [{"tok": 63}], "tail": [{"tok": 103}]}, {"name": "/", "span": [], "children": [{"name": "/=", "last": 61}], "q": [], "w": [{"tok": 40}], "tail": [{"tok": 103}]}, {"name": "/=", "span": [], "children": [], "q": [], "w": [{"tok": 26}], "tail": [{"tok": 103}]}, {"name": ":", "span": [], "children": [], "q": [], "w": [{"tok": 22}], "tail": [{"tok": 103}]}, {"name": ";", "span": [], "children": [], "q": [], "w": [{"tok": 14}], "tail": [{"tok": 103}]}, {"name": "<", "span": [], "children": [{"name": "<<", "last": 60}, {"name": "<=", "last": 61}], "q": [], "w": [{"tok": 41}], "tail": [{"tok": 103}]}, {"name": "<<", "span": [], "children": [{"name": "<<=", "last": 61}], "q": [], "w": [{"tok": 42}], "tail": [{"tok": 103}]}, {"name": "<<=", "span": [], "children": [], "q": [], "w": [{"tok": 28}], "tail": [{"tok": 103}]}, {"name": "<=", "span": [], "children": [], "q": [], "w": [{"tok": 43}], "tail": [{"tok": 103}]}, {"name": "=", "span": [], "children": [{"name": "==", "last": 61}], "q": [], "w": [{"tok": 16}], "tail": [{"tok": 103}]}, {"name": "==", "span": [], "children": [], "q": [], "w": [{"tok": 44}], "tail": [{"tok": 103}]}, {"name": ">", "span": [], "children": [{"name": ">=", "last": 61}, {"name": ">>", "last": 62}], "q": [], "w": [{"tok": 45}], "tail": [{"tok": 103}]}, {"name": ">=", "span": [], "children": [], "q": [], "w": [{"tok": 46}], "tail": [{"tok": 103}]}, {"name": ">>", "span": [], "children": [{"name": ">>=", "last": 61}], "q": [], "w": [{"tok": 47}], "tail": [{"tok": 103}]}, {"name": ">>=", "span": [], "children": [], "q": [], "w": [{"tok": 29}], "tail": [{"tok": 103}]}, {"name": "?", "span": [], "children": [], "q": [], "w": [{"tok": 21}], "tail": [{"tok": 103}]}, {"name": "[", "span": [], "children": [], "q": [], "w": [{"tok": 61}], "tail": [{"tok": 103}]}, {"name": "]", "span": [], "children": [], "q": [], "w": [{"tok": 62}], "tail": [{"tok": 103}]}, {"name": "^", "span": [], "children": [{"name": "^=", "last": 61}], "q": [], "w": [{"tok": 48}], "tail": [{"tok": 103}]}, {"name": "^=", "span": [], "children": [], "q": [], "w": [{"tok": 31}], "tail": [{"tok": 103}]}, {"name": "b", "span": [], "children": [{"name": "br", "last": 114}], "q": [], "w": [], "tail": [{"tok": 103}]}, {"name": "br", "span": [], "children": [{"name": "bre", "last": 101}], "q": [], "w": [], "tail": [{"tok": 103}]}, {"name": "bre", "span": [], "children": [{"name": "brea", "last": 97}], "q": [], "w": [], "tail": [{"tok": 103}]}, {"name": "brea", "span": [], "children": [{"name": "break", "last": 107}], "q": [], "w": [], "tail": [{"tok": 103}]}, {"name": "break", "span": [], "children": [], "q": [], "w": [{"tok": 52}], "tail": [{"tok": 103}]}, {"name": "c", "span": [], "children": [{"name": "ca", "last": 97}, {"name": "co", "last": 111}], "q": [], "w": [], "tail": [{"tok": 103}]}, {"name": "ca", "span": [], "children": [{"name": "cas", "last": 115}], "q": [], "w": [], "tail": [{"tok": 103}]}, {"name": "cas", "span": [], "children": [{"name": "case", "last": 101}], "q": [], "w": [], "tail": [{"tok": 103}]}, {"name": "case", "span": [], "children": [], "q": [], "w": [{"tok": 70}], "tail": [{"tok": 103}]}, {"name": "co", "span": [], "children": [{"name": "con", "last": 110}], "q": [], "w": [], "tail": [{"tok": 103}]}, {"name": "con", "span": [], "children": [{"name": "cont", "last": 116}], "q": [], "w": [], "tail": [{"tok": 103}]}, {"name": "cont", "span": [], "children": [{"name": "conti", "last": 105}], "q": [], "w": [], "tail": [{"tok": 103}]}, {"name": "conti", "span": [], "children": [{"name": "contin", "last": 110}], "q": [], "w": [], "tail": [{"tok": 103}]}, {"name": "contin", "span": [], "children": [{"name": "continu", "last": 117}], "q": [], "w": [], "tail": [{"tok": 103}]}, {"name": "continu", "span": [], "children": [{"name": "continue", "last": 101}], "q": [], "w": [], "tail": [{"tok": 103}]}, {"name": "continue", "span": [], "children": [], "q": [], "w": [{"tok": 53}], "tail": [{"tok": 103}]}, {"name": "d", "span": [], "children": [{"name": "de", "last": 101}, {"name": "do", "last": 111}], "q": [], "w": [], "tail": [{"tok": 103}]}, {"name": "de", "span": [], "children": [{"name": "def", "last": 102}], "q": [], "w": [], "tail": [{"tok": 103}]}, {"name": "def", "span": [], "children": [{"name": "defa", "last": 97}], "q": [], "w": [], "tail": [{"tok": 103}]}, {"name": "defa", "span": [], "children": [{"name": "defau", "last": 117}], "q": [], "w": [], "tail": [{"tok": 103}]}, {"name": "defau", "span": [], "children": [{"name": "defaul", "last": 108}], "q": [], "w": [], "tail": [{"tok": 103}]}, {"name": "defaul", "span": [], "children": [{"name": "default", "last": 116}], "q": [], "w": [], "tail": [{"tok": 103}]}, {"name": "default", "span": [], "children": [], "q": [], "w": [{"tok": 71}], "tail": [{"tok": 103}]}, {"name": "do", "span": [], "children": [], "q": [], "w": [{"tok": 51}], "tail": [{"tok": 103}]}, {"name": "e", "span": [], "children": [{"name": "el", "last": 108}, {"name": "en", "last": 110}, {"name": "eo", "last": 111}], "q": [], "w": [], "tail": [{"tok": 103}]}, {"name": "el", "span": [], "children": [{"name": "els", "last": 115}], "q": [], "w": [], "tail": [{"tok": 103}]}, {"name": "els", "span": [], "children": [{"name": "else", "last": 101}], "q": [], "w": [], "tail": [{"tok": 103}]}, {"name": "else", "span": [], "children": [], "q": [], "w": [{"tok": 6}], "tail": [{"tok": 103}]}, {"name": "en", "span": [], "children": [{"name": "enu", "last": 117}], "q": [], "w": [], "tail": [{"tok": 103}]}, {"name": "enu", "span": [], "children": [{"name": "enum", "last": 109}], "q": [], "w": [], "tail": [{"tok": 103}]}, {"name": "enum", "span": [], "children": [], "q": [], "w": [{"tok": 72}], "tail": [{"tok": 103}]}, {"name": "eo", "span": [], "children": [{"name": "eof", "last": 102}], "q": [], "w": [], "tail": [{"tok": 103}]}, {"name": "eof", "span": [], "children": [], "q": [], "w": [{"tok": 9}], "tail": [{"tok": 103}]}, {"name": "f", "span": [], "children": [{"name": "fo", "last": 111}], "q": [], "w": [], "tail": [{"tok": 103}]}, {"name": "fo", "span": [], "children": [{"name": "for", "last": 114}], "q": [], "w": [], "tail": [{"tok": 103}]}, {"name": "for", "span": [], "children": [], "q": [], "w": [{"tok": 8}], "tail": [{"tok": 103}]}, {"name": "g", "span": [], "children": [{"name": "go", "last": 111}], "q": [], "w": [], "tail": [{"tok": 103}]}, {"name": "go", "span": [], "children": [{"name": "got", "last": 116}], "q": [], "w": [], "tail": [{"tok": 103}]}, {"name": "got", "span": [], "children": [{"name": "goto", "last": 111}], "q": [], "w": [], "tail": [{"tok": 103}]}, {"name": "goto", "span": [], "children": [], "q": [], "w": [{"tok": 73}], "tail": [{"tok": 103}]}, {"name": "i", "span": [], "children": [{"name": "id", "last": 100}, {"name": "if", "last": 102}], "q": [], "w": [], "tail": [{"tok": 103}]}, {"name": "id", "span": [], "children": [{"name": "id=", "last": 61}], "q": [], "w": [], "tail": [{"tok": 103}]}, {"name": "id=", "span": [{"reader": "SPANID"}], "children": [], "q": [], "w": [], "tail": []}, {"name": "if", "span": [], "children": [], "q": [], "w": [{"tok": 5}], "tail": [{"tok": 103}]}, {"name": "n", "span": [], "children": [{"name": "nu", "last": 117}], "q": [], "w": [], "tail": [{"tok": 103}]}, {"name": "nu", "span": [], "children": [{"name": "num", "last": 109}], "q": [], "w": [], "tail": [{"tok": 103}]}, {"name": "num", "span": [], "children": [{"name": "num=", "last": 61}], "q": [], "w": [], "tail": [{"tok": 103}]}, {"name": "num=", "span": [{"reader": "SPANNUM"}], "children": [], "q": [], "w": [], "tail": []}, {"name": "r", "span": [], "children": [{"name": "re", "last": 101}], "q": [], "w": [], "tail": [{"tok": 103}]}, {"name": "re", "span": [], "children": [{"name": "ret", "last": 116}], "q": [], "w": [], "tail": [{"tok": 103}]}, {"name": "ret", "span": [], "children": [{"name": "retu", "last": 117}], "q": [], "w": [], "tail": [{"tok": 103}]}, {"name": "retu", "span": [], "children": [{"name": "retur", "last": 114}], "q": [], "w": [], "tail": [{"tok": 103}]}, {"name": "retur", "span": [], "children": [{"name": "return", "last": 110}], "q": [], "w": [], "tail": [{"tok": 103}]}, {"name": "return", "span": [], "children": [], "q": [], "w": [{"tok": 4}], "tail": [{"tok": 103}]}, {"name": "s", "span": [], "children": [{"name": "si", "last": 105}, {"name": "st", "last": 116}, {"name": "sw", "last": 119}], "q": [], "w": [], "tail": [{"tok": 103}]}, {"name": "si", "span": [], "children": [{"name": "siz", "last": 122}], "q": [], "w": [], "tail": [{"tok": 103}]}, {"name": "siz", "span": [], "children": [{"name": "size", "last": 101}], "q": [], "w": [], "tail": [{"tok": 103}]}, {"name": "size", "span": [], "children": [{"name": "sizeo", "last": 111}], "q": [], "w": [], "tail": [{"tok": 103}]}, {"name": "sizeo", "span": [], "children": [{"name": "sizeof", "last": 102}], "q": [], "w": [], "tail": [{"tok": 103}]}, {"name": "sizeof", "span": [], "children": [], "q": [], "w": [{"tok": 68}], "tail": [{"tok": 103}]}, {"name": "st", "span": [], "children": [{"name": "str", "last": 114}], "q": [], "w": [], "tail": [{"tok": 103}]}, {"name": "str", "span": [], "children": [{"name": "str=", "last": 61}, {"name": "stru", "last": 117}], "q": [], "w": [], "tail": [{"tok": 103}]}, {"name": "str=", "span": [{"reader": "SPANSTR"}], "children": [], "q": [], "w": [], "tail": []}, {"name": "stru", "span": [], "children": [{"name": "struc", "last": 99}], "q": [], "w": [], "tail": [{"tok": 103}]}, {"name": "struc", "span": [], "children": [{"name": "struct", "last": 116}], "q": [], "w": [], "tail": [{"tok": 103}]}, {"name": "struct", "span": [], "children": [], "q": [], "w": [{"tok": 55}], "tail": [{"tok": 103}]}, {"name": "sw", "span": [], "children": [{"name": "swi", "last": 105}], "q": [], "w": [], "tail": [{"tok": 103}]}, {"name": "swi", "span": [], "children": [{"name": "swit", "last": 116}], "q": [], "w": [], "tail": [{"tok": 103}]}, {"name": "swit", "span": [], "children": [{"name": "switc", "last": 99}], "q": [], "w": [], "tail": [{"tok": 103}]}, {"name": "switc", "span": [], "children": [{"name": "switch", "last": 104}], "q": [], "w": [], "tail": [{"tok": 103}]}, {"name": "switch", "span": [], "children": [], "q": [], "w": [{"tok": 69}], "tail": [{"tok": 103}]}, {"name": "t", "span": [], "children": [{"name": "ty", "last": 121}], "q": [], "w": [], "tail": [{"tok": 103}]}, {"name": "ty", "span": [], "children": [{"name": "typ", "last": 112}], "q": [], "w": [], "tail": [{"tok": 103}]}, {"name": "typ", "span": [], "children": [{"name": "type", "last": 101}], "q": [], "w": [], "tail": [{"tok": 103}]}, {"name": "type", "span": [], "children": [{"name": "type=", "last": 61}, {"name": "typed", "last": 100}], "q": [], "w": [{"tok": 1}], "tail": [{"tok": 103}]}, {"name": "type=", "span": [], "children": [{"name": "type=_", "last": 95}, {"name": "type=c", "last": 99}, {"name": "type=d", "last": 100}, {"name": "type=e", "last": 101}, {"name": "type=f", "last": 102}, {"name": "type=i", "last": 105}, {"name": "type=l", "last": 108}, {"name": "type=r", "last": 114}, {"name": "type=s", "last": 115}, {"name": "type=u", "last": 117}, {"name": "type=v", "last": 118}], "q": [], "w": [], "tail": [{"tok": 103}]}, {"name": "type=_", "span": [], "children": [{"name": "type=_B", "last": 66}], "q": [], "w": [], "tail": [{"tok": 103}]}, {"name": "type=_B", "span": [], "children": [{"name": "type=_Bo", "last": 111}], "q": [], "w": [], "tail": [{"tok": 103}]}, {"name": "type=_Bo", "span": [], "children": [{"name": "type=_Boo", "last": 111}], "q": [], "w": [], "tail": [{"tok": 103}]}, {"name": "type=_Boo", "span": [], "children": [{"name": "type=_Bool", "last": 108}], "q": [], "w": [], "tail": [{"tok": 103}]}, {"name": "type=_Bool", "span": [], "children": [], "q": [], "w": [{"tok": 76}], "tail": [{"tok": 103}]}, {"name": "type=c", "span": [], "children": [{"name": "type=ch", "last": 104}, {"name": "type=co", "last": 111}], "q": [], "w": [], "tail": [{"tok": 103}]}, {"name": "type=ch", "span": [], "children": [{"name": "type=cha", "last": 97}], "q": [], "w": [], "tail": [{"tok": 103}]}, {"name": "type=cha", "span": [], "children": [{"name": "type=char", "last": 114}], "q": [], "w": [], "tail": [{"tok": 103}]}, {"name": "type=char", "span": [], "children": [], "q": [], "w": [{"tok": 57}], "tail": [{"tok": 103}]}, {"name": "type=co", "span": [], "children": [{"name": "type=con", "last": 110}], "q": [], "w": [], "tail": [{"tok": 103}]}, {"name": "type=con", "span": [], "children": [{"name": "type=cons", "last": 115}], "q": [], "w": [], "tail": [{"tok": 103}]}, {"name": "type=cons", "span": [], "children": [{"name": "type=const", "last": 116}], "q": [], "w": [], "tail": [{"tok": 103}]}, {"name": "type=const", "span": [], "children": [], "q": [1], "w": [], "tail": [{"tok": 103}]}, {"name": "type=d", "span": [], "children": [{"name": "type=do", "last": 111}], "q": [], "w": [], "tail": [{"tok": 103}]}, {"name": "type=do", "span": [], "children": [{"name": "type=dou", "last": 117}], "q": [], "w": [], "tail": [{"tok": 103}]}, {"name": "type=dou", "span": [], "children": [{"name": "type=doub", "last": 98}], "q": [], "w": [], "tail": [{"tok": 103}]}, {"name": "type=doub", "span": [], "children": [{"name": "type=doubl", "last": 108}], "q": [], "w": [], "tail": [{"tok": 103}]}, {"name": "type=doubl", "span": [], "children": [{"name": "type=double", "last": 101}], "q": [], "w": [], "tail": [{"tok": 103}]}, {"name": "type=double", "span": [], "children": [], "q": [], "w": [{"tok": 64}], "tail": [{"tok": 103}]}, {"name": "type=e", "span": [], "children": [{"name": "type=ex", "last": 120}], "q": [], "w": [], "tail": [{"tok": 103}]}, {"name": "type=ex", "span": [], "children": [{"name": "type=ext", "last": 116}], "q": [], "w": [], "tail": [{"tok": 103}]}, {"name": "type=ext", "span": [], "children": [{"name": "type=exte", "last": 101}], "q": [], "w": [], "tail": [{"tok": 103}]}, {"name": "type=exte", "span": [], "children": [{"name": "type=exter", "last": 114}], "q": [], "w": [], "tail": [{"tok": 103}]}, {"name": "type=exter", "span": [], "children": [{"name": "type=extern", "last": 110}], "q": [], "w": [], "tail": [{"tok": 103}]}, {"name": "type=extern", "span": [], "children": [], "q": [], "w": [{"tok": 75}], "tail": [{"tok": 103}]}, {"name": "type=f", "span": [], "children": [{"name": "type=fl", "last": 108}], "q": [], "w": [], "tail": [{"tok": 103}]}, {"name": "type=fl", "span": [], "children": [{"name": "type=flo", "last": 111}], "q": [], "w": [], "tail": [{"tok": 103}]}, {"name": "type=flo", "span": [], "children": [{"name": "type=floa", "last": 97}], "q": [], "w": [], "tail": [{"tok": 103}]}, {"name": "type=floa", "span": [], "children": [{"name": "type=float", "last": 116}], "q": [], "w": [], "tail": [{"tok": 103}]}, {"name": "type=float", "span": [], "children": [], "q": [], "w": [{"tok": 65}], "tail": [{"tok": 103}]}, {"name": "type=i", "span": [], "children": [{"name": "type=in", "last": 110}], "q": [], "w": [], "tail": [{"tok": 103}]}, {"name": "type=in", "span": [], "children": [{"name": "type=inl", "last": 108}, {"name": "type=int", "last": 116}], "q": [], "w": [], "tail": [{"tok": 103}]}, {"name": "type=inl", "span": [], "children": [{"name": "type=inli", "last": 105}], "q": [], "w": [], "tail": [{"tok": 103}]}, {"name": "type=inli", "span": [], "children": [{"name": "type=inlin", "last": 110}], "q": [], "w": [], "tail": [{"tok": 103}]}, {"name": "type=inlin", "span": [], "children": [{"name": "type=inline", "last": 101}], "q": [], "w": [], "tail": [{"tok": 103}]}, {"name": "type=inline", "span": [], "children": [], "q": [1], "w": [], "tail": [{"tok": 103}]}, {"name": "type=int", "span": [], "children": [], "q": [], "w": [{"tok": 1}], "tail": [{"tok": 103}]}, {"name": "type=l", "span": [], "children": [{"name": "type=lo", "last": 111}], "q": [], "w": [], "tail": [{"tok": 103}]}, {"name": "type=lo", "span": [], "children": [{"name": "type=lon", "last": 110}], "q": [], "w": [], "tail": [{"tok": 103}]}, {"name": "type=lon", "span": [], "children": [{"name": "type=long", "last": 103}], "q": [], "w": [], "tail": [{"tok": 103}]}, {"name": "type=long", "span": [], "children": [], "q": [], "w": [{"tok": 56}], "tail": [{"tok": 103}]}, {"name": "type=r", "span": [], "children": [{"name": "type=re", "last": 101}], "q": [], "w": [], "tail": [{"tok": 103}]}, {"name": "type=re", "span": [], "children": [{"name": "type=res", "last": 115}], "q": [], "w": [], "tail": [{"tok": 103}]}, {"name": "type=res", "span": [], "children": [{"name": "type=rest", "last": 116}], "q": [], "w": [], "tail": [{"tok": 103}]}, {"name": "type=rest", "span": [], "children": [{"name": "type=restr", "last": 114}], "q": [], "w": [], "tail": [{"tok": 103}]}, {"name": "type=restr", "span": [], "children": [{"name": "type=restri", "last": 105}], "q": [], "w": [], "tail": [{"tok": 103}]}, {"name": "type=restri", "span": [], "children": [{"name": "type=restric", "last": 99}], "q": [], "w": [], "tail": [{"tok": 103}]}, {"name": "type=restric", "span": [], "children": [{"name": "type=restrict", "last": 116}], "q": [], "w": [], "tail": [{"tok": 103}]}, {"name": "type=restrict", "span": [], "children": [], "q": [1], "w": [], "tail": [{"tok": 103}]}, {"name": "type=s", "span": [], "children": [{"name": "type=sh", "last": 104}, {"name": "type=si", "last": 105}, {"name": "type=st", "last": 116}], "q": [], "w": [], "tail": [{"tok": 103}]}, {"name": "type=sh", "span": [], "children": [{"name": "type=sho", "last": 111}], "q": [], "w": [], "tail": [{"tok": 103}]}, {"name": "type=sho", "span": [], "children": [{"name": "type=shor", "last": 114}], "q": [], "w": [], "tail": [{"tok": 103}]}, {"name": "type=shor", "span": [], "children": [{"name": "type=short", "last": 116}], "q": [], "w": [], "tail": [{"tok": 103}]}, {"name": "type=short", "span": [], "children": [], "q": [], "w": [{"tok": 59}], "tail": [{"tok": 103}]}, {"name": "type=si", "span": [], "children": [{"name": "type=sig", "last": 103}], "q": [], "w": [], "tail": [{"tok": 103}]}, {"name": "type=sig", "span": [], "children": [{"name": "type=sign", "last": 110}], "q": [], "w": [], "tail": [{"tok": 103}]}, {"name": "type=sign", "span": [], "children": [{"name": "type=signe", "last": 101}], "q": [], "w": [], "tail": [{"tok": 103}]}, {"name": "type=signe", "span": [], "children": [{"name": "type=signed", "last": 100}], "q": [], "w": [], "tail": [{"tok": 103}]}, {"name": "type=signed", "span": [], "children": [], "q": [], "w": [{"tok": 60}], "tail": [{"tok": 103}]}, {"name": "type=st", "span": [], "children": [{"name": "type=sta", "last": 97}], "q": [], "w": [], "tail": [{"tok": 103}]}, {"name": "type=sta", "span": [], "children": [{"name": "type=stat", "last": 116}], "q": [], "w": [], "tail": [{"tok": 103}]}, {"name": "type=stat", "span": [], "children": [{"name": "type=stati", "last": 105}], "q": [], "w": [], "tail": [{"tok": 103}]}, {"name": "type=stati", "span": [], "children": [{"name": "type=static", "last": 99}], "q": [], "w": [], "tail": [{"tok": 103}]}, {"name": "type=static", "span": [], "children": [], "q": [], "w": [{"tok": 3}], "tail": [{"tok": 103}]}, {"name": "type=u", "span": [], "children": [{"name": "type=un", "last": 110}], "q": [], "w": [], "tail": [{"tok": 103}]}, {"name": "type=un", "span": [], "children": [{"name": "type=uns", "last": 115}], "q": [], "w": [], "tail": [{"tok": 103}]}, {"name": "type=uns", "span": [], "children": [{"name": "type=unsi", "last": 105}], "q": [], "w": [], "tail": [{"tok": 103}]}, {"name": "type=unsi", "span": [], "children": [{"name": "type=unsig", "last": 103}], "q": [], "w": [], "tail": [{"tok": 103}]}, {"name": "type=unsig", "span": [], "children": [{"name": "type=unsign", "last": 110}], "q": [], "w": [], "tail": [{"tok": 103}]}, {"name": "type=unsign", "span": [], "children": [{"name": "type=unsigne", "last": 101}], "q": [], "w": [], "tail": [{"tok": 103}]}, {"name": "type=unsigne", "span": [], "children": [{"name": "type=unsigned", "last": 100}], "q": [], "w": [], "tail": [{"tok": 103}]}, {"name": "type=unsigned", "span": [], "children": [], "q": [], "w": [{"tok": 58}], "tail": [{"tok": 103}]}, {"name": "type=v", "span": [], "children": [{"name": "type=vo", "last": 111}], "q": [], "w": [], "tail": [{"tok": 103}]}, {"name": "type=vo", "span": [], "children": [{"name": "type=voi", "last": 105}, {"name": "type=vol", "last": 108}], "q": [], "w": [], "tail": [{"tok": 103}]}, {"name": "type=voi", "span": [], "children": [{"name": "type=void", "last": 100}], "q": [], "w": [], "tail": [{"tok": 103}]}, {"name": "type=void", "span": [], "children": [], "q": [], "w": [{"tok": 2}], "tail": [{"tok": 103}]}, {"name": "type=vol", "span": [], "children": [{"name": "type=vola", "last": 97}], "q": [], "w": [], "tail": [{"tok": 103}]}, {"name": "type=vola", "span": [], "children": [{"name": "type=volat", "last": 116}], "q": [], "w": [], "tail": [{"tok": 103}]}, {"name": "type=volat", "span": [], "children": [{"name": "type=volati", "last": 105}], "q": [], "w": [], "tail": [{"tok": 103}]}, {"name": "type=volati", "span": [], "children": [{"name": "type=volatil", "last": 108}], "q": [], "w": [], "tail": [{"tok": 103}]}, {"name": "type=volatil", "span": [], "children": [{"name": "type=volatile", "last": 101}], "q": [], "w": [], "tail": [{"tok": 103}]}, {"name": "type=volatile", "span": [], "children": [], "q": [1], "w": [], "tail": [{"tok": 103}]}, {"name": "typed", "span": [], "children": [{"name": "typede", "last": 101}], "q": [], "w": [], "tail": [{"tok": 103}]}, {"name": "typede", "span": [], "children": [{"name": "typedef", "last": 102}], "q": [], "w": [], "tail": [{"tok": 103}]}, {"name": "typedef", "span": [], "children": [], "q": [], "w": [{"tok": 54}], "tail": [{"tok": 103}]}, {"name": "u", "span": [], "children": [{"name": "un", "last": 110}], "q": [], "w": [], "tail": [{"tok": 103}]}, {"name": "un", "span": [], "children": [{"name": "uni", "last": 105}], "q": [], "w": [], "tail": [{"tok": 103}]}, {"name": "uni", "span": [], "children": [{"name": "unio", "last": 111}], "q": [], "w": [], "tail": [{"tok": 103}]}, {"name": "unio", "span": [], "children": [{"name": "union", "last": 110}], "q": [], "w": [], "tail": [{"tok": 103}]}, {"name": "union", "span": [], "children": [], "q": [], "w": [{"tok": 74}], "tail": [{"tok": 103}]}, {"name": "w", "span": [], "children": [{"name": "wh", "last": 104}], "q": [], "w": [], "tail": [{"tok": 103}]}, {"name": "wh", "span": [], "children": [{"name": "whi", "last": 105}], "q": [], "w": [], "tail": [{"tok": 103}]}, {"name": "whi", "span": [], "children": [{"name": "whil", "last": 108}], "q": [], "w": [], "tail": [{"tok": 103}]}, {"name": "whil", "span": [], "children": [{"name": "while", "last": 101}], "q": [], "w": [], "tail": [{"tok": 103}]}, {"name": "while", "span": [], "children": [], "q": [], "w": [{"tok": 7}], "tail": [{"tok": 103}]}, {"name": "{", "span": [], "children": [], "q": [], "w": [{"tok": 12}], "tail": [{"tok": 103}]}, {"name": "|", "span": [], "children": [{"name": "|=", "last": 61}, {"name": "||", "last": 124}], "q": [], "w": [{"tok": 49}], "tail": [{"tok": 103}]}, {"name": "|=", "span": [], "children": [], "q": [], "w": [{"tok": 32}], "tail": [{"tok": 103}]}, {"name": "||", "span": [], "children": [], "q": [], "w": [{"tok": 50}], "tail": [{"tok": 103}]}, {"name": "}", "span": [], "children": [], "q": [], "w": [{"tok": 13}], "tail": [{"tok": 103}]}, {"name": "~", "span": [], "children": [], "q": [], "w": [{"tok": 18}], "tail": [{"tok": 103}]}]
=limit0	int	1844674407370955161
=limit1	int	1844674407370955161
=limit2	int	1844674407370955161
=limit3	int	1844674407370955161
=limit4	int	1844674407370955161
=limit5	int	1844674407370955161
=limit6	int	1844674407370955160
=limit7	int	1844674407370955160
=limit8	int	1844674407370955160
=limit9	int	1844674407370955160
