# exec/facts/k2-membercontrol.tsv: written by exec/facts/export.py, do not edit
# input exec/parse2/gen2.py sha256:d13ac8fc98314af4
# input exec/parse2/membercontrol-template.tsv sha256:23773551dc8507e8
# input exec/parse2/membercontrol-tokens.tsv sha256:857793c1121c0871
# input exec/parse2/membercontrol-operators.tsv sha256:409e5423bfc469cd
# input exec/parse2/membercontrol-fresh.tsv sha256:dc7ff4ee6f0bc8c3
# input exec/parse2/membercontrol-manifest-fresh.tsv sha256:f2e7d916c9bfccb6
# input exec/parse2/membercontrol-text.tsv sha256:61fd82c9e337cad4
# input exec/parse2/membercontrol-stack.tsv sha256:73d1db1ad09209a4
# input exec/parse2/tape-templates.tsv sha256:4896b3464d5909d8
# input exec/facts/export.py sha256:bc81c7dc714682c2
=consts	json	{"SBB":3840,"MEMBER_STRIDE":256,"MOF":1099511627776,"MSZ":2199023255552,"MPT":3298534883328,"MBS":4398046511104,"MAR":5497558138880,"BFW":8796093022208,"BFO":9895604649984,"BFS":10995116277760,"SHAPE_IDS":4294967296,"SHAPE":7696581394432,"SSZ":22000000,"DBL":64,"FLT":65,"BOOL":66,"ARR":14000000}
=classes	json	{"(":[10],"++":[19],"--":[20],"->":[67],".":[66],",":[15],";":[14],"=":[16],"[":[61],"]":[62],"identifier":[100]}
=types	json	[{"name":"i8","code":1,"wide":[],"narrow":[{"values":[1,66]}]},{"name":"i16","code":2,"wide":[],"narrow":[{"values":[1,2,66]}]},{"name":"i32","code":4,"wide":[],"narrow":[{"values":[1,2,4,65,66]}]},{"name":"i64","code":8,"wide":[1],"narrow":[]},{"name":"u8","code":17,"wide":[],"narrow":[{"values":[17]}]},{"name":"u16","code":18,"wide":[],"narrow":[{"values":[17,18]}]},{"name":"u32","code":20,"wide":[],"narrow":[{"values":[17,18,20]}]},{"name":"u64","code":24,"wide":[1],"narrow":[]}]
=casops	json	[{"op":"+","token":23},{"op":"-","token":24},{"op":"*","token":25},{"op":"/","token":26},{"op":"%","token":27},{"op":"<<","token":28},{"op":">>","token":29},{"op":"&","token":30},{"op":"^","token":31},{"op":"|","token":32}]
=seqnames	json	["text0","text1","text2","text3","text4","text5","text6","text7","text8","text9","text10","text11","text12","stack8","stack9","stack10","stack11","stack12","stack13","stack14","stack15","template0","template1"]
=push_text	json	"  .frame 8\n  store64 [r7+0], r0\n"
=pop1_text	json	"  load64 r1, [r7+0]\n  .frame -8\n"
