# exec/facts/lower-armfuse.tsv: written by exec/facts/export.py, do not edit
# input unisa/tape.py sha256:69fb16cd5314ffb1
# input exec/lower/armfuse-shapes.tsv sha256:4c55f50c484e0b05
# input exec/facts/export.py sha256:909f08ea0f4c4e02
=none	json	[]
@shapes	i:int	op:str	reads:json	first:json	rest:json
	0	imm	[]	[1]	[]
	1	mov	[1]	[]	[1]
	2	add64	[1, 2]	[]	[1]
	3	sub64	[1, 2]	[]	[1]
	4	mul64	[1, 2]	[]	[1]
	5	xor64	[1, 2]	[]	[1]
	6	and64	[1, 2]	[]	[1]
	7	or64	[1, 2]	[]	[1]
	8	shl64	[1, 2]	[]	[1]
	9	shr64	[1, 2]	[]	[1]
	10	lshr64	[1, 2]	[]	[1]
	11	.div	[1, 2]	[]	[1]
	12	.mod	[1, 2]	[]	[1]
	13	.udiv	[1, 2]	[]	[1]
	14	.umod	[1, 2]	[]	[1]
	15	slt64	[1, 2]	[]	[1]
	16	sle64	[1, 2]	[]	[1]
	17	ult64	[1, 2]	[]	[1]
	18	ule64	[1, 2]	[]	[1]
	19	eq	[1, 2]	[]	[1]
	20	ne	[1, 2]	[]	[1]
	21	load64	[1]	[]	[1]
	22	.ld	[1]	[]	[1]
	23	.lea	[]	[]	[1]
	24	callm	[]	[]	[1]
	25	.librarycall	[1]	[]	[1]
	26	.hostaddr	[]	[]	[1]
	27	.argv	[1]	[]	[1]
	28	fadd64	[1, 2]	[]	[1]
	29	fsub64	[1, 2]	[]	[1]
	30	fmul64	[1, 2]	[]	[1]
	31	fdiv64	[1, 2]	[]	[1]
	32	flt64	[1, 2]	[]	[1]
	33	fle64	[1, 2]	[]	[1]
	34	feq64	[1, 2]	[]	[1]
	35	fadd32	[1, 2]	[]	[1]
	36	fsub32	[1, 2]	[]	[1]
	37	fmul32	[1, 2]	[]	[1]
	38	fdiv32	[1, 2]	[]	[1]
	39	flt32	[1, 2]	[]	[1]
	40	fle32	[1, 2]	[]	[1]
	41	feq32	[1, 2]	[]	[1]
	42	cvtid	[1]	[]	[1]
	43	cvtud	[1]	[]	[1]
	44	cvtis	[1]	[]	[1]
	45	cvtus	[1]	[]	[1]
	46	cvtdi	[1]	[]	[1]
	47	cvtdu	[1]	[]	[1]
	48	cvtsd	[1]	[]	[1]
	49	cvtds	[1]	[]	[1]
	50	fsqrt64	[1]	[]	[1]
	51	fsqrt32	[1]	[]	[1]
