# exec/facts/nativeabi.tsv: written by exec/facts/export.py, do not edit
# input exec/nativeabi/rules.tsv sha256:10fceb3594040c1a
# input exec/nativeabi/ordered-result.tsv sha256:2f213b62bed3a0a2
# input exec/nativeabi/gen-fresh.tsv sha256:8aeb9121a8f90c9f
# input exec/nativeabi/ordered-fresh.tsv sha256:92f562a002fb0b6e
# input exec/facts/nativeabi-gen-reject.tsv sha256:3da8d220e861a6c8
# input exec/facts/top-modelgraphequality-banks.tsv sha256:1ede28415980eb3a
# input exec/facts/export.py sha256:ed7757125547de95
=T	json	[{"name": "NC.profile", "leaf": [], "inner": [{"choices": [{"byte": 111, "target": "NC.profile.6f"}, {"byte": 119, "target": "NC.profile.77"}, {"byte": 108, "target": "NC.profile.6c"}]}]}, {"name": "NC.profile.6c", "leaf": [], "inner": [{"choices": [{"byte": 110, "target": "NC.profile.6c6e"}]}]}, {"name": "NC.profile.6c6e", "leaf": [], "inner": [{"choices": [{"byte": 120, "target": "NC.profile.6c6e78"}]}]}, {"name": "NC.profile.6c6e78", "leaf": [], "inner": [{"choices": [{"byte": 47, "target": "NC.profile.6c6e782f"}]}]}, {"name": "NC.profile.6c6e782f", "leaf": [], "inner": [{"choices": [{"byte": 120, "target": "NC.profile.6c6e782f78"}, {"byte": 97, "target": "NC.profile.6c6e782f61"}]}]}, {"name": "NC.profile.6c6e782f61", "leaf": [], "inner": [{"choices": [{"byte": 114, "target": "NC.profile.6c6e782f6172"}]}]}, {"name": "NC.profile.6c6e782f6172", "leaf": [], "inner": [{"choices": [{"byte": 109, "target": "NC.profile.6c6e782f61726d"}]}]}, {"name": "NC.profile.6c6e782f61726d", "leaf": [], "inner": [{"choices": [{"byte": 54, "target": "NC.profile.6c6e782f61726d36"}]}]}, {"name": "NC.profile.6c6e782f61726d36", "leaf": [], "inner": [{"choices": [{"byte": 52, "target": "NC.profile.6c6e782f61726d3634"}]}]}, {"name": "NC.profile.6c6e782f61726d3634", "leaf": [{"im": 8, "fp": 3, "ld": 4, "family": 1}], "inner": []}, {"name": "NC.profile.6c6e782f78", "leaf": [], "inner": [{"choices": [{"byte": 56, "target": "NC.profile.6c6e782f7838"}]}]}, {"name": "NC.profile.6c6e782f7838", "leaf": [], "inner": [{"choices": [{"byte": 54, "target": "NC.profile.6c6e782f783836"}]}]}, {"name": "NC.profile.6c6e782f783836", "leaf": [], "inner": [{"choices": [{"byte": 95, "target": "NC.profile.6c6e782f7838365f"}]}]}, {"name": "NC.profile.6c6e782f7838365f", "leaf": [], "inner": [{"choices": [{"byte": 54, "target": "NC.profile.6c6e782f7838365f36"}]}]}, {"name": "NC.profile.6c6e782f7838365f36", "leaf": [], "inner": [{"choices": [{"byte": 52, "target": "NC.profile.6c6e782f7838365f3634"}]}]}, {"name": "NC.profile.6c6e782f7838365f3634", "leaf": [{"im": 1, "fp": 3, "ld": 3, "family": 0}], "inner": []}, {"name": "NC.profile.6f", "leaf": [], "inner": [{"choices": [{"byte": 115, "target": "NC.profile.6f73"}]}]}, {"name": "NC.profile.6f73", "leaf": [], "inner": [{"choices": [{"byte": 120, "target": "NC.profile.6f7378"}]}]}, {"name": "NC.profile.6f7378", "leaf": [], "inner": [{"choices": [{"byte": 47, "target": "NC.profile.6f73782f"}]}]}, {"name": "NC.profile.6f73782f", "leaf": [], "inner": [{"choices": [{"byte": 120, "target": "NC.profile.6f73782f78"}, {"byte": 97, "target": "NC.profile.6f73782f61"}]}]}, {"name": "NC.profile.6f73782f61", "leaf": [], "inner": [{"choices": [{"byte": 114, "target": "NC.profile.6f73782f6172"}]}]}, {"name": "NC.profile.6f73782f6172", "leaf": [], "inner": [{"choices": [{"byte": 109, "target": "NC.profile.6f73782f61726d"}]}]}, {"name": "NC.profile.6f73782f61726d", "leaf": [], "inner": [{"choices": [{"byte": 54, "target": "NC.profile.6f73782f61726d36"}]}]}, {"name": "NC.profile.6f73782f61726d36", "leaf": [], "inner": [{"choices": [{"byte": 52, "target": "NC.profile.6f73782f61726d3634"}]}]}, {"name": "NC.profile.6f73782f61726d3634", "leaf": [{"im": 8, "fp": 3, "ld": 2, "family": 1}], "inner": []}, {"name": "NC.profile.6f73782f78", "leaf": [], "inner": [{"choices": [{"byte": 56, "target": "NC.profile.6f73782f7838"}]}]}, {"name": "NC.profile.6f73782f7838", "leaf": [], "inner": [{"choices": [{"byte": 54, "target": "NC.profile.6f73782f783836"}]}]}, {"name": "NC.profile.6f73782f783836", "leaf": [], "inner": [{"choices": [{"byte": 95, "target": "NC.profile.6f73782f7838365f"}]}]}, {"name": "NC.profile.6f73782f7838365f", "leaf": [], "inner": [{"choices": [{"byte": 54, "target": "NC.profile.6f73782f7838365f36"}]}]}, {"name": "NC.profile.6f73782f7838365f36", "leaf": [], "inner": [{"choices": [{"byte": 52, "target": "NC.profile.6f73782f7838365f3634"}]}]}, {"name": "NC.profile.6f73782f7838365f3634", "leaf": [{"im": 1, "fp": 3, "ld": 3, "family": 0}], "inner": []}, {"name": "NC.profile.77", "leaf": [], "inner": [{"choices": [{"byte": 105, "target": "NC.profile.7769"}]}]}, {"name": "NC.profile.7769", "leaf": [], "inner": [{"choices": [{"byte": 110, "target": "NC.profile.77696e"}]}]}, {"name": "NC.profile.77696e", "leaf": [], "inner": [{"choices": [{"byte": 47, "target": "NC.profile.77696e2f"}]}]}, {"name": "NC.profile.77696e2f", "leaf": [], "inner": [{"choices": [{"byte": 97, "target": "NC.profile.77696e2f61"}, {"byte": 120, "target": "NC.profile.77696e2f78"}]}]}, {"name": "NC.profile.77696e2f61", "leaf": [], "inner": [{"choices": [{"byte": 114, "target": "NC.profile.77696e2f6172"}]}]}, {"name": "NC.profile.77696e2f6172", "leaf": [], "inner": [{"choices": [{"byte": 109, "target": "NC.profile.77696e2f61726d"}]}]}, {"name": "NC.profile.77696e2f61726d", "leaf": [], "inner": [{"choices": [{"byte": 54, "target": "NC.profile.77696e2f61726d36"}]}]}, {"name": "NC.profile.77696e2f61726d36", "leaf": [], "inner": [{"choices": [{"byte": 52, "target": "NC.profile.77696e2f61726d3634"}]}]}, {"name": "NC.profile.77696e2f61726d3634", "leaf": [{"im": 8, "fp": 3, "ld": 2, "family": 1}], "inner": []}, {"name": "NC.profile.77696e2f78", "leaf": [], "inner": [{"choices": [{"byte": 56, "target": "NC.profile.77696e2f7838"}]}]}, {"name": "NC.profile.77696e2f7838", "leaf": [], "inner": [{"choices": [{"byte": 54, "target": "NC.profile.77696e2f783836"}]}]}, {"name": "NC.profile.77696e2f783836", "leaf": [], "inner": [{"choices": [{"byte": 95, "target": "NC.profile.77696e2f7838365f"}]}]}, {"name": "NC.profile.77696e2f7838365f", "leaf": [], "inner": [{"choices": [{"byte": 54, "target": "NC.profile.77696e2f7838365f36"}]}]}, {"name": "NC.profile.77696e2f7838365f36", "leaf": [], "inner": [{"choices": [{"byte": 52, "target": "NC.profile.77696e2f7838365f3634"}]}]}, {"name": "NC.profile.77696e2f7838365f3634", "leaf": [{"im": 1, "fp": 1, "ld": 2, "family": 2}], "inner": []}]
=A	json	[{"al": 4, "recipes": [{"cls": "II", "code": 8, "n": 4, "elems": [{"off": 0, "kind": 1, "integer": 1}, {"off": 4, "kind": 1, "integer": 1}, {"off": 8, "kind": 1, "integer": 1}, {"off": 12, "kind": 1, "integer": 1}]}, {"cls": "IS", "code": 7, "n": 4, "elems": [{"off": 0, "kind": 1, "integer": 1}, {"off": 4, "kind": 1, "integer": 1}, {"off": 8, "kind": 3, "integer": 0}, {"off": 12, "kind": 3, "integer": 0}]}, {"cls": "SI", "code": 5, "n": 4, "elems": [{"off": 0, "kind": 3, "integer": 0}, {"off": 4, "kind": 3, "integer": 0}, {"off": 8, "kind": 1, "integer": 1}, {"off": 12, "kind": 1, "integer": 1}]}, {"cls": "SS", "code": 4, "n": 4, "elems": [{"off": 0, "kind": 3, "integer": 0}, {"off": 4, "kind": 3, "integer": 0}, {"off": 8, "kind": 3, "integer": 0}, {"off": 12, "kind": 3, "integer": 0}]}]}, {"al": 8, "recipes": [{"cls": "II", "code": 8, "n": 2, "elems": [{"off": 0, "kind": 1, "integer": 1}, {"off": 8, "kind": 1, "integer": 1}]}, {"cls": "IS", "code": 7, "n": 2, "elems": [{"off": 0, "kind": 1, "integer": 1}, {"off": 8, "kind": 3, "integer": 0}]}, {"cls": "SI", "code": 5, "n": 2, "elems": [{"off": 0, "kind": 3, "integer": 0}, {"off": 8, "kind": 1, "integer": 1}]}, {"cls": "SS", "code": 4, "n": 2, "elems": [{"off": 0, "kind": 3, "integer": 0}, {"off": 8, "kind": 3, "integer": 0}]}]}]
=extents	json	[1, 2, 3, 4, 5, 6, 7, 8, 9, 10, 11, 12, 13, 14, 15, 16]
=alignments	json	[1, 2, 4, 8]
=ordseq	json	{"extra 1 ol_rank ol_node": [["ALUI", "mul", "nc_key", "ol_node", 8], ["ALUI", "add", "nc_key", "nc_key", 1], ["LDX", "ol_rank", "nc_key", 694891348754432]], "extra 2 ol_format ol_node": [["ALUI", "mul", "nc_key", "ol_node", 8], ["ALUI", "add", "nc_key", "nc_key", 2], ["LDX", "ol_format", "nc_key", 694891348754432]], "extra 3 ol_natural ol_node": [["ALUI", "mul", "nc_key", "ol_node", 8], ["ALUI", "add", "nc_key", "nc_key", 3], ["LDX", "ol_natural", "nc_key", 694891348754432]], "extra 4 ol_flags ol_node": [["ALUI", "mul", "nc_key", "ol_node", 8], ["ALUI", "add", "nc_key", "nc_key", 4], ["LDX", "ol_flags", "nc_key", 694891348754432]], "extra 5 ol_known ol_node": [["ALUI", "mul", "nc_key", "ol_node", 8], ["ALUI", "add", "nc_key", "nc_key", 5], ["LDX", "ol_known", "nc_key", 694891348754432]], "extra 6 ol_origin ol_node": [["ALUI", "mul", "nc_key", "ol_node", 8], ["ALUI", "add", "nc_key", "nc_key", 6], ["LDX", "ol_origin", "nc_key", 694891348754432]], "field 3 ol_kind ol_node": [["ALUI", "mul", "nc_key", "ol_node", 16], ["ALUI", "add", "nc_key", "nc_key", 3], ["LDX", "ol_kind", "nc_key", 472789999943680]], "field 6 ol_alignment ol_node": [["ALUI", "mul", "nc_key", "ol_node", 16], ["ALUI", "add", "nc_key", "nc_key", 6], ["LDX", "ol_alignment", "nc_key", 472789999943680]], "field 8 nl_count nl_node": [["ALUI", "mul", "nc_key", "nl_node", 16], ["ALUI", "add", "nc_key", "nc_key", 8], ["LDX", "nl_count", "nc_key", 472789999943680]], "field 9 nl_stride nl_node": [["ALUI", "mul", "nc_key", "nl_node", 16], ["ALUI", "add", "nc_key", "nc_key", 9], ["LDX", "nl_stride", "nc_key", 472789999943680]], "field 4 nl_cwidth nl_child": [["ALUI", "mul", "nc_key", "nl_child", 16], ["ALUI", "add", "nc_key", "nc_key", 4], ["LDX", "nl_cwidth", "nc_key", 472789999943680]], "field 6 nl_calign nl_child": [["ALUI", "mul", "nc_key", "nl_child", 16], ["ALUI", "add", "nc_key", "nc_key", 6], ["LDX", "nl_calign", "nc_key", 472789999943680]]}
=genfresh	json	[{"section": "mid", "name": "mid.NC.r408", "prefix": "NC", "kind": "r"}, {"section": "mid", "name": "mid.NC.b409", "prefix": "NC", "kind": "b"}, {"section": "mid", "name": "mid.NC.b410", "prefix": "NC", "kind": "b"}, {"section": "mid", "name": "mid.NC.r411", "prefix": "NC", "kind": "r"}, {"section": "mid", "name": "mid.NC.r412", "prefix": "NC", "kind": "r"}, {"section": "mid", "name": "mid.NC.r413", "prefix": "NC", "kind": "r"}, {"section": "mid", "name": "mid.NC.r414", "prefix": "NC", "kind": "r"}, {"section": "mid", "name": "mid.NC.r415", "prefix": "NC", "kind": "r"}, {"section": "mid", "name": "mid.NC.b416", "prefix": "NC", "kind": "b"}, {"section": "mid", "name": "mid.NC.r417", "prefix": "NC", "kind": "r"}, {"section": "mid", "name": "mid.NC.b418", "prefix": "NC", "kind": "b"}, {"section": "mid", "name": "mid.NC.r419", "prefix": "NC", "kind": "r"}, {"section": "mid", "name": "mid.NC.r420", "prefix": "NC", "kind": "r"}, {"section": "mid", "name": "mid.NC.r421", "prefix": "NC", "kind": "r"}, {"section": "mid", "name": "mid.NC.b422", "prefix": "NC", "kind": "b"}, {"section": "mid", "name": "mid.NC.r423", "prefix": "NC", "kind": "r"}, {"section": "mid", "name": "mid.NC.r424", "prefix": "NC", "kind": "r"}, {"section": "mid", "name": "mid.NC.b425", "prefix": "NC", "kind": "b"}, {"section": "mid", "name": "mid.NC.b426", "prefix": "NC", "kind": "b"}, {"section": "mid", "name": "mid.NC.b427", "prefix": "NC", "kind": "b"}, {"section": "mid", "name": "mid.NC.b428", "prefix": "NC", "kind": "b"}, {"section": "mid", "name": "mid.NC.b429", "prefix": "NC", "kind": "b"}, {"section": "mid", "name": "mid.NC.b430", "prefix": "NC", "kind": "b"}, {"section": "mid", "name": "mid.NC.b431", "prefix": "NC", "kind": "b"}, {"section": "mid", "name": "mid.NC.b432", "prefix": "NC", "kind": "b"}, {"section": "mid", "name": "mid.NC.b433", "prefix": "NC", "kind": "b"}, {"section": "mid", "name": "mid.NC.b434", "prefix": "NC", "kind": "b"}, {"section": "mid", "name": "mid.NC.b435", "prefix": "NC", "kind": "b"}, {"section": "mid", "name": "mid.NC.b436", "prefix": "NC", "kind": "b"}, {"section": "mid", "name": "mid.NC.b437", "prefix": "NC", "kind": "b"}, {"section": "mid", "name": "mid.NC.b438", "prefix": "NC", "kind": "b"}, {"section": "mid", "name": "mid.NC.b439", "prefix": "NC", "kind": "b"}, {"section": "mid", "name": "mid.NC.b440", "prefix": "NC", "kind": "b"}, {"section": "mid", "name": "mid.NC.b441", "prefix": "NC", "kind": "b"}, {"section": "mid", "name": "mid.NC.b442", "prefix": "NC", "kind": "b"}, {"section": "mid", "name": "mid.NC.b443", "prefix": "NC", "kind": "b"}, {"section": "mid", "name": "mid.NC.b444", "prefix": "NC", "kind": "b"}, {"section": "mid", "name": "mid.NC.b445", "prefix": "NC", "kind": "b"}, {"section": "mid", "name": "mid.NC.b446", "prefix": "NC", "kind": "b"}, {"section": "mid", "name": "mid.NC.b447", "prefix": "NC", "kind": "b"}, {"section": "mid", "name": "mid.NC.b448", "prefix": "NC", "kind": "b"}, {"section": "mid", "name": "mid.NC.b449", "prefix": "NC", "kind": "b"}, {"section": "mid", "name": "mid.NC.b450", "prefix": "NC", "kind": "b"}, {"section": "mid", "name": "mid.NC.b451", "prefix": "NC", "kind": "b"}, {"section": "mid", "name": "mid.NC.b452", "prefix": "NC", "kind": "b"}, {"section": "mid", "name": "mid.NC.r453", "prefix": "NC", "kind": "r"}, {"section": "mid", "name": "mid.NC.r454", "prefix": "NC", "kind": "r"}, {"section": "mid", "name": "mid.NC.r455", "prefix": "NC", "kind": "r"}, {"section": "mid", "name": "mid.NC.r456", "prefix": "NC", "kind": "r"}, {"section": "mid", "name": "mid.NC.r457", "prefix": "NC", "kind": "r"}, {"section": "mid", "name": "mid.NC.r458", "prefix": "NC", "kind": "r"}, {"section": "mid", "name": "mid.NC.r459", "prefix": "NC", "kind": "r"}, {"section": "mid", "name": "mid.NC.r460", "prefix": "NC", "kind": "r"}, {"section": "mid", "name": "mid.NC.b461", "prefix": "NC", "kind": "b"}, {"section": "mid", "name": "mid.NC.r462", "prefix": "NC", "kind": "r"}, {"section": "mid", "name": "mid.NC.b463", "prefix": "NC", "kind": "b"}, {"section": "mid", "name": "mid.NC.b464", "prefix": "NC", "kind": "b"}, {"section": "mid", "name": "mid.NC.b465", "prefix": "NC", "kind": "b"}, {"section": "mid", "name": "mid.NC.b466", "prefix": "NC", "kind": "b"}, {"section": "mid", "name": "mid.NC.b467", "prefix": "NC", "kind": "b"}, {"section": "mid", "name": "mid.NC.b468", "prefix": "NC", "kind": "b"}, {"section": "mid", "name": "mid.NC.b469", "prefix": "NC", "kind": "b"}, {"section": "mid", "name": "mid.NC.b470", "prefix": "NC", "kind": "b"}, {"section": "mid", "name": "mid.NC.b471", "prefix": "NC", "kind": "b"}, {"section": "mid", "name": "mid.NC.r472", "prefix": "NC", "kind": "r"}, {"section": "mid", "name": "mid.NC.r473", "prefix": "NC", "kind": "r"}, {"section": "mid", "name": "mid.NC.r474", "prefix": "NC", "kind": "r"}, {"section": "mid", "name": "mid.NC.r475", "prefix": "NC", "kind": "r"}, {"section": "mid", "name": "mid.NC.b476", "prefix": "NC", "kind": "b"}, {"section": "mid", "name": "mid.NC.b477", "prefix": "NC", "kind": "b"}, {"section": "mid", "name": "mid.NC.b478", "prefix": "NC", "kind": "b"}, {"section": "mid", "name": "mid.NC.b479", "prefix": "NC", "kind": "b"}, {"section": "mid", "name": "mid.NC.r480", "prefix": "NC", "kind": "r"}, {"section": "mid", "name": "mid.NC.b481", "prefix": "NC", "kind": "b"}, {"section": "mid", "name": "mid.NC.b482", "prefix": "NC", "kind": "b"}, {"section": "mid", "name": "mid.NC.b483", "prefix": "NC", "kind": "b"}, {"section": "mid", "name": "mid.NC.b484", "prefix": "NC", "kind": "b"}, {"section": "mid", "name": "mid.NC.b485", "prefix": "NC", "kind": "b"}, {"section": "mid", "name": "mid.NC.b486", "prefix": "NC", "kind": "b"}, {"section": "mid", "name": "mid.NC.b487", "prefix": "NC", "kind": "b"}, {"section": "mid", "name": "mid.NC.b488", "prefix": "NC", "kind": "b"}, {"section": "mid", "name": "mid.NC.b489", "prefix": "NC", "kind": "b"}, {"section": "mid", "name": "mid.NC.b490", "prefix": "NC", "kind": "b"}, {"section": "mid", "name": "mid.NC.b491", "prefix": "NC", "kind": "b"}, {"section": "mid", "name": "mid.NC.b492", "prefix": "NC", "kind": "b"}, {"section": "mid", "name": "mid.NC.b493", "prefix": "NC", "kind": "b"}, {"section": "mid", "name": "mid.NC.b494", "prefix": "NC", "kind": "b"}, {"section": "mid", "name": "mid.NC.b495", "prefix": "NC", "kind": "b"}, {"section": "mid", "name": "mid.NC.b496", "prefix": "NC", "kind": "b"}, {"section": "mid", "name": "mid.NC.b497", "prefix": "NC", "kind": "b"}, {"section": "mid", "name": "mid.NC.b498", "prefix": "NC", "kind": "b"}, {"section": "mid", "name": "mid.NC.b499", "prefix": "NC", "kind": "b"}, {"section": "mid", "name": "mid.NC.b500", "prefix": "NC", "kind": "b"}, {"section": "mid", "name": "mid.NC.b501", "prefix": "NC", "kind": "b"}, {"section": "mid", "name": "mid.NC.b502", "prefix": "NC", "kind": "b"}, {"section": "mid", "name": "mid.NC.b503", "prefix": "NC", "kind": "b"}, {"section": "mid", "name": "mid.NC.b504", "prefix": "NC", "kind": "b"}, {"section": "mid", "name": "mid.NC.b505", "prefix": "NC", "kind": "b"}, {"section": "mid", "name": "mid.NC.b506", "prefix": "NC", "kind": "b"}, {"section": "mid", "name": "mid.NC.b507", "prefix": "NC", "kind": "b"}, {"section": "mid", "name": "mid.NC.b508", "prefix": "NC", "kind": "b"}, {"section": "mid", "name": "mid.NC.b509", "prefix": "NC", "kind": "b"}, {"section": "mid", "name": "mid.NC.b510", "prefix": "NC", "kind": "b"}, {"section": "mid", "name": "mid.NC.b511", "prefix": "NC", "kind": "b"}, {"section": "mid", "name": "mid.NC.b512", "prefix": "NC", "kind": "b"}, {"section": "mid", "name": "mid.NC.b513", "prefix": "NC", "kind": "b"}, {"section": "mid", "name": "mid.NC.b514", "prefix": "NC", "kind": "b"}, {"section": "mid", "name": "mid.NC.b515", "prefix": "NC", "kind": "b"}, {"section": "mid", "name": "mid.NC.b516", "prefix": "NC", "kind": "b"}, {"section": "mid", "name": "mid.NL.r517", "prefix": "NL", "kind": "r"}, {"section": "mid", "name": "mid.NL.r518", "prefix": "NL", "kind": "r"}, {"section": "mid", "name": "mid.NL.r519", "prefix": "NL", "kind": "r"}, {"section": "mid", "name": "mid.NL.r520", "prefix": "NL", "kind": "r"}, {"section": "mid", "name": "mid.NL.b521", "prefix": "NL", "kind": "b"}, {"section": "mid", "name": "mid.NL.b522", "prefix": "NL", "kind": "b"}, {"section": "mid", "name": "mid.NL.b523", "prefix": "NL", "kind": "b"}, {"section": "mid", "name": "mid.NL.b524", "prefix": "NL", "kind": "b"}, {"section": "mid", "name": "mid.NL.b525", "prefix": "NL", "kind": "b"}, {"section": "mid", "name": "mid.NL.b526", "prefix": "NL", "kind": "b"}, {"section": "mid", "name": "mid.NL.b527", "prefix": "NL", "kind": "b"}, {"section": "mid", "name": "mid.NL.b528", "prefix": "NL", "kind": "b"}, {"section": "mid", "name": "mid.NL.b529", "prefix": "NL", "kind": "b"}, {"section": "mid", "name": "mid.NL.b530", "prefix": "NL", "kind": "b"}, {"section": "mid", "name": "mid.NL.b531", "prefix": "NL", "kind": "b"}, {"section": "mid", "name": "mid.NL.b532", "prefix": "NL", "kind": "b"}, {"section": "mid", "name": "mid.NL.b533", "prefix": "NL", "kind": "b"}, {"section": "mid", "name": "mid.NL.b534", "prefix": "NL", "kind": "b"}, {"section": "mid", "name": "mid.NL.b535", "prefix": "NL", "kind": "b"}, {"section": "mid", "name": "mid.NL.b536", "prefix": "NL", "kind": "b"}, {"section": "mid", "name": "mid.NL.b537", "prefix": "NL", "kind": "b"}, {"section": "mid", "name": "mid.NL.b538", "prefix": "NL", "kind": "b"}, {"section": "mid", "name": "mid.NL.b539", "prefix": "NL", "kind": "b"}, {"section": "mid", "name": "mid.NL.b540", "prefix": "NL", "kind": "b"}, {"section": "mid", "name": "mid.NL.b541", "prefix": "NL", "kind": "b"}, {"section": "mid", "name": "mid.NL.b542", "prefix": "NL", "kind": "b"}, {"section": "mid", "name": "mid.NL.b543", "prefix": "NL", "kind": "b"}, {"section": "mid", "name": "mid.NL.b544", "prefix": "NL", "kind": "b"}, {"section": "mid", "name": "mid.NL.b545", "prefix": "NL", "kind": "b"}, {"section": "mid", "name": "mid.NL.b546", "prefix": "NL", "kind": "b"}, {"section": "mid", "name": "mid.NL.b547", "prefix": "NL", "kind": "b"}, {"section": "mid", "name": "mid.NL.b548", "prefix": "NL", "kind": "b"}, {"section": "mid", "name": "mid.NL.b549", "prefix": "NL", "kind": "b"}, {"section": "mid", "name": "mid.NL.b550", "prefix": "NL", "kind": "b"}, {"section": "mid", "name": "mid.NL.b551", "prefix": "NL", "kind": "b"}, {"section": "mid", "name": "mid.NL.b552", "prefix": "NL", "kind": "b"}, {"section": "mid", "name": "mid.NL.b553", "prefix": "NL", "kind": "b"}, {"section": "mid", "name": "mid.NL.b554", "prefix": "NL", "kind": "b"}, {"section": "mid", "name": "mid.NL.b555", "prefix": "NL", "kind": "b"}, {"section": "mid", "name": "mid.NL.b556", "prefix": "NL", "kind": "b"}, {"section": "mid", "name": "mid.NL.b557", "prefix": "NL", "kind": "b"}, {"section": "mid", "name": "mid.NL.r558", "prefix": "NL", "kind": "r"}, {"section": "mid", "name": "mid.NL.b559", "prefix": "NL", "kind": "b"}, {"section": "mid", "name": "mid.NL.b560", "prefix": "NL", "kind": "b"}, {"section": "mid", "name": "mid.NL.b561", "prefix": "NL", "kind": "b"}, {"section": "mid", "name": "mid.NL.b562", "prefix": "NL", "kind": "b"}, {"section": "mid", "name": "mid.NL.b563", "prefix": "NL", "kind": "b"}, {"section": "mid", "name": "mid.NL.b564", "prefix": "NL", "kind": "b"}, {"section": "mid", "name": "mid.NL.b565", "prefix": "NL", "kind": "b"}, {"section": "mid", "name": "mid.NC.b566", "prefix": "NC", "kind": "b"}, {"section": "mid", "name": "mid.NC.r567", "prefix": "NC", "kind": "r"}, {"section": "mid", "name": "mid.NC.b568", "prefix": "NC", "kind": "b"}, {"section": "mid", "name": "mid.NC.b569", "prefix": "NC", "kind": "b"}, {"section": "mid", "name": "mid.NC.b570", "prefix": "NC", "kind": "b"}, {"section": "mid", "name": "mid.NC.b571", "prefix": "NC", "kind": "b"}, {"section": "mid", "name": "mid.NC.b572", "prefix": "NC", "kind": "b"}, {"section": "mid", "name": "mid.NC.b573", "prefix": "NC", "kind": "b"}, {"section": "mid", "name": "mid.NC.b574", "prefix": "NC", "kind": "b"}, {"section": "tail", "name": "tail.NC.b929", "prefix": "NC", "kind": "b"}, {"section": "tail", "name": "tail.NC.b930", "prefix": "NC", "kind": "b"}, {"section": "tail", "name": "tail.NC.b931", "prefix": "NC", "kind": "b"}, {"section": "tail", "name": "tail.NC.b932", "prefix": "NC", "kind": "b"}, {"section": "tail", "name": "tail.NC.b933", "prefix": "NC", "kind": "b"}, {"section": "tail", "name": "tail.NC.b934", "prefix": "NC", "kind": "b"}, {"section": "tail", "name": "tail.NC.r935", "prefix": "NC", "kind": "r"}, {"section": "tail", "name": "tail.NC.r936", "prefix": "NC", "kind": "r"}, {"section": "tail", "name": "tail.NC.r937", "prefix": "NC", "kind": "r"}, {"section": "tail", "name": "tail.NC.r938", "prefix": "NC", "kind": "r"}, {"section": "tail", "name": "tail.NC.r939", "prefix": "NC", "kind": "r"}, {"section": "tail", "name": "tail.NC.r940", "prefix": "NC", "kind": "r"}, {"section": "tail", "name": "tail.NC.r941", "prefix": "NC", "kind": "r"}, {"section": "tail", "name": "tail.NC.b942", "prefix": "NC", "kind": "b"}, {"section": "tail", "name": "tail.NC.r943", "prefix": "NC", "kind": "r"}, {"section": "tail", "name": "tail.NC.b944", "prefix": "NC", "kind": "b"}, {"section": "tail", "name": "tail.NC.r945", "prefix": "NC", "kind": "r"}, {"section": "tail", "name": "tail.NC.b946", "prefix": "NC", "kind": "b"}, {"section": "tail", "name": "tail.NC.r947", "prefix": "NC", "kind": "r"}, {"section": "tail", "name": "tail.NC.r948", "prefix": "NC", "kind": "r"}, {"section": "tail", "name": "tail.NC.b949", "prefix": "NC", "kind": "b"}, {"section": "tail", "name": "tail.NC.r950", "prefix": "NC", "kind": "r"}, {"section": "tail", "name": "tail.NC.b951", "prefix": "NC", "kind": "b"}, {"section": "tail", "name": "tail.NC.r952", "prefix": "NC", "kind": "r"}, {"section": "tail", "name": "tail.NC.r953", "prefix": "NC", "kind": "r"}, {"section": "tail", "name": "tail.NC.r954", "prefix": "NC", "kind": "r"}, {"section": "tail", "name": "tail.NC.r955", "prefix": "NC", "kind": "r"}, {"section": "tail", "name": "tail.NC.r956", "prefix": "NC", "kind": "r"}, {"section": "tail", "name": "tail.NC.r957", "prefix": "NC", "kind": "r"}, {"section": "tail", "name": "tail.NC.r958", "prefix": "NC", "kind": "r"}, {"section": "tail", "name": "tail.NC.r959", "prefix": "NC", "kind": "r"}, {"section": "tail", "name": "tail.NC.r960", "prefix": "NC", "kind": "r"}, {"section": "tail", "name": "tail.NC.r961", "prefix": "NC", "kind": "r"}, {"section": "tail", "name": "tail.NC.r962", "prefix": "NC", "kind": "r"}, {"section": "tail", "name": "tail.NC.r963", "prefix": "NC", "kind": "r"}]
=ordfresh	json	[{"section": "main", "name": "ncmeta.b", "kind": "b"}, {"section": "main", "name": "ncmetaread.r", "kind": "r"}, {"section": "main", "name": "meta.b", "kind": "b"}, {"section": "main", "name": "known.b", "kind": "b"}, {"section": "main", "name": "flags.b", "kind": "b"}, {"section": "main", "name": "natural.b", "kind": "b"}, {"section": "main", "name": "packedkind.b", "kind": "b"}, {"section": "main", "name": "packedorigin.b", "kind": "b"}, {"section": "main", "name": "fpmeta.b", "kind": "b"}, {"section": "main", "name": "rank.b", "kind": "b"}, {"section": "main", "name": "float.b", "kind": "b"}, {"section": "main", "name": "double.b", "kind": "b"}, {"section": "main", "name": "longdouble.b", "kind": "b"}, {"section": "main", "name": "longdoubletarget.b", "kind": "b"}, {"section": "main", "name": "validate.r", "kind": "r"}, {"section": "main", "name": "validate.r.b", "kind": "b"}, {"section": "main", "name": "leaf.r", "kind": "r"}, {"section": "main", "name": "leaf.r.r", "kind": "r"}, {"section": "main", "name": "leaf.r.r.b", "kind": "b"}, {"section": "main", "name": "intervaltest.b", "kind": "b"}, {"section": "main", "name": "intervalbit.b", "kind": "b"}, {"section": "main", "name": "aggregate.b", "kind": "b"}, {"section": "main", "name": "aggtag.b", "kind": "b"}, {"section": "main", "name": "aggalign.b", "kind": "b"}, {"section": "main", "name": "aggwidth.b", "kind": "b"}, {"section": "main", "name": "aggcount.b", "kind": "b"}, {"section": "main", "name": "aggcountmax.b", "kind": "b"}, {"section": "main", "name": "loop.b", "kind": "b"}, {"section": "main", "name": "childfields.r", "kind": "r"}, {"section": "main", "name": "childfields.r.b", "kind": "b"}, {"section": "main", "name": "entryalign.b", "kind": "b"}, {"section": "main", "name": "packedentry.b", "kind": "b"}, {"section": "main", "name": "packedentrykind.b", "kind": "b"}, {"section": "main", "name": "kind.b", "kind": "b"}, {"section": "main", "name": "arraylayout.b", "kind": "b"}, {"section": "main", "name": "ordinarylayout.b", "kind": "b"}, {"section": "main", "name": "unionordinary.b", "kind": "b"}, {"section": "main", "name": "structordinary.b", "kind": "b"}, {"section": "main", "name": "childwalk.r", "kind": "r"}, {"section": "main", "name": "childshift.b", "kind": "b"}, {"section": "main", "name": "childshiftbound.b", "kind": "b"}, {"section": "main", "name": "bitfield.b", "kind": "b"}, {"section": "main", "name": "bitnatural.b", "kind": "b"}, {"section": "main", "name": "bitstart.b", "kind": "b"}, {"section": "main", "name": "bitunion.b", "kind": "b"}, {"section": "main", "name": "bitunionoffset.b", "kind": "b"}, {"section": "main", "name": "bitplace.b", "kind": "b"}, {"section": "main", "name": "bitremaining.b", "kind": "b"}, {"section": "main", "name": "bitcompare.b", "kind": "b"}, {"section": "main", "name": "bitplaced.b", "kind": "b"}, {"section": "main", "name": "bitplacedkind.b", "kind": "b"}, {"section": "main", "name": "bitinterval.r", "kind": "r"}, {"section": "main", "name": "bitinterval.r.b", "kind": "b"}, {"section": "main", "name": "merge.b", "kind": "b"}, {"section": "main", "name": "overlap.b", "kind": "b"}, {"section": "main", "name": "mergewrite.b", "kind": "b"}, {"section": "main", "name": "hfacompare.b", "kind": "b"}, {"section": "main", "name": "hfacount.b", "kind": "b"}, {"section": "main", "name": "hfaunioncount.b", "kind": "b"}, {"section": "main", "name": "cursor.b", "kind": "b"}, {"section": "main", "name": "cursormax.b", "kind": "b"}, {"section": "main", "name": "maxalign.b", "kind": "b"}, {"section": "main", "name": "next.b", "kind": "b"}, {"section": "main", "name": "endalign.b", "kind": "b"}, {"section": "main", "name": "endextent.b", "kind": "b"}, {"section": "main", "name": "certify.r", "kind": "r"}, {"section": "main", "name": "certify.r.b", "kind": "b"}, {"section": "main", "name": "family.b", "kind": "b"}, {"section": "main", "name": "packedfamily.b", "kind": "b"}, {"section": "main", "name": "packedfp.b", "kind": "b"}, {"section": "main", "name": "anonlow.b", "kind": "b"}, {"section": "main", "name": "anonlowint.b", "kind": "b"}, {"section": "main", "name": "anonhigh.b", "kind": "b"}, {"section": "main", "name": "anonhighint.b", "kind": "b"}, {"section": "main", "name": "sysvclasses.b", "kind": "b"}, {"section": "main", "name": "sysvlowfp.b", "kind": "b"}, {"section": "main", "name": "sysvhigh.b", "kind": "b"}, {"section": "main", "name": "sysvhighclass.b", "kind": "b"}, {"section": "main", "name": "sysvhighfp.b", "kind": "b"}, {"section": "main", "name": "arm.b", "kind": "b"}, {"section": "main", "name": "hfa.b", "kind": "b"}, {"section": "main", "name": "hfacountbound.b", "kind": "b"}, {"section": "main", "name": "fp.b", "kind": "b"}, {"section": "main", "name": "widthrecipe.b", "kind": "b"}, {"section": "main", "name": "recipealignment.b", "kind": "b"}, {"section": "main", "name": "recipedivides.b", "kind": "b"}, {"section": "main", "name": "recipelow.b", "kind": "b"}, {"section": "main", "name": "recipehigh.b", "kind": "b"}, {"section": "main", "name": "recipehighclass.b", "kind": "b"}, {"section": "main", "name": "recipefpalign.b", "kind": "b"}, {"section": "recipe", "name": "recipeloop.b", "kind": "b"}, {"section": "recipe", "name": "recipeelement.b", "kind": "b"}, {"section": "recipe", "name": "recipekind.b", "kind": "b"}]
=reject	json	[{"state": "NC.unsupported", "what": "carrier rule"}, {"state": "NC.targetfail", "what": "target profile"}]
