# name	prefix	kind
# Ordered assembler metadata: preserve branch and shared-procedure return names.
A_r1	A	r
A_b2	A	b
A_b3	A	b
AL_b4	AL	b
AL_b5	AL	b
AL_b6	AL	b
OPD_b7	OPD	b
OPD_b8	OPD	b
OPD_b9	OPD	b
OPD_b10	OPD	b
A_b11	A	b
A_b12	A	b
A_b13	A	b
A_b14	A	b
A_b15	A	b
A_b16	A	b
A_b17	A	b
A_b18	A	b
A_b19	A	b
A_b20	A	b
A_b21	A	b
A_b22	A	b
B_b23	B	b
B_b24	B	b
B_b25	B	b
B_b26	B	b
B_b27	B	b
SV_b28	SV	b
SV_b29	SV	b
SV_b30	SV	b
SV_b31	SV	b
SV_b32	SV	b
SV_b33	SV	b
SV_r34	SV	r
SV_b35	SV	b
SV_b36	SV	b
SC_b37	SC	b
SC_b38	SC	b
SC_b39	SC	b
SC_b40	SC	b
SC_b41	SC	b
SC_b42	SC	b
SC_b43	SC	b
SC_b44	SC	b
SC_b45	SC	b
DEADQ_b46	DEADQ	b
DQ_r47	DQ	r
DQ_b48	DQ	b
