# group	name	prefix	kind
procs	word_limit	SIM.k	b
procs	word_empty	SIM.e2	b
procs	word_simple	SIM.f	b
procs	register_equal	NMD.c	b
local	bounds	LOCAL	b
local	load32_dest	LC	b
local	load64_dest	LC	b
local	base_register	LC	b
local	load_tail	LC	b
local	dead_return	LC	r
local	dead_result	LC	b
local	load_emit	LC	b
parsers	PL_b1	PL	b
parsers	PI_b2	PI	b
parsers	RR_b3	RR	b
parsers	RR_b4	RR	b
parsers	RR_b5	RR	b
parsers	RR_r6	RR	r
parsers	RR_b7	RR	b
stfuse	bounds	STFUSE	b
stfuse	window	SF	b
stfuse	end	SF	b
stfuse	base	SF	b
stfuse	value_alias	SF	b
stfuse	value_r2	SF	b
stfuse	store_tail	SF	b
stfuse	dead_a_return	SF	r
stfuse	dead_a	SF	b
stfuse	dead_r2_return	SF	r
stfuse	dead_r2	SF	b
stfuse	store_emit	SF	b
stfuse	print_st_return	SF	r
stfuse	print_store_return	SF	r
stfuse	simple	SF	b
stfuse	names_a_return	SF	r
stfuse	names_a	SF	b
stfuse	names_r2_return	SF	r
stfuse	names_r2	SF	b
