# exec/facts/pp-gen.tsv: written by exec/facts/export.py, do not edit
# input exec/facts/pp-targets.tsv sha256:c539f741de493be4
# input exec/facts/pp-bytes.tsv sha256:773ae706411b03e8
# input exec/facts/pp-autoinc.tsv sha256:2cdb7247db7c446f
# input exec/pp/operators.tsv sha256:832aec5a5dfdb228
# input exec/pp/predefines.tsv sha256:451c6af83e00a104
# input weights/gold/pp.tsv sha256:255eb356869755c6
# input exec/facts/pp-init.tsv sha256:e51c34576379e99f
# input exec/facts/pp-layout.tsv sha256:a6ba5a01e658fbf6
# input unisa/front/lex.py sha256:67f2248c3a8a1778
# input exec/facts/export.py sha256:c7d1069f0a31f27b
=init	json	[["SBCLR"], ["SBOUT", 105], ["SBOUT", 102], ["SBOUT", 100], ["SBOUT", 101], ["SBOUT", 102], ["SBINTERN", "t"], ["ALUI", "add", "a", "t", 10000000], ["LDI", "v", 1], ["STX", "a", 0, "v"], ["SBCLR"], ["SBOUT", 105], ["SBOUT", 102], ["SBOUT", 110], ["SBOUT", 100], ["SBOUT", 101], ["SBOUT", 102], ["SBINTERN", "t"], ["ALUI", "add", "a", "t", 10000000], ["LDI", "v", 2], ["STX", "a", 0, "v"], ["SBCLR"], ["SBOUT", 105], ["SBOUT", 102], ["SBINTERN", "t"], ["ALUI", "add", "a", "t", 10000000], ["LDI", "v", 3], ["STX", "a", 0, "v"], ["SBCLR"], ["SBOUT", 101], ["SBOUT", 108], ["SBOUT", 105], ["SBOUT", 102], ["SBINTERN", "t"], ["ALUI", "add", "a", "t", 10000000], ["LDI", "v", 4], ["STX", "a", 0, "v"], ["SBCLR"], ["SBOUT", 101], ["SBOUT", 108], ["SBOUT", 115], ["SBOUT", 101], ["SBINTERN", "t"], ["ALUI", "add", "a", "t", 10000000], ["LDI", "v", 5], ["STX", "a", 0, "v"], ["SBCLR"], ["SBOUT", 101], ["SBOUT", 110], ["SBOUT", 100], ["SBOUT", 105], ["SBOUT", 102], ["SBINTERN", "t"], ["ALUI", "add", "a", "t", 10000000], ["LDI", "v", 6], ["STX", "a", 0, "v"], ["SBCLR"], ["SBOUT", 100], ["SBOUT", 101], ["SBOUT", 102], ["SBOUT", 105], ["SBOUT", 110], ["SBOUT", 101], ["SBINTERN", "t"], ["ALUI", "add", "a", "t", 10000000], ["LDI", "v", 7], ["STX", "a", 0, "v"], ["SBCLR"], ["SBOUT", 105], ["SBOUT", 110], ["SBOUT", 99], ["SBOUT", 108], ["SBOUT", 117], ["SBOUT", 100], ["SBOUT", 101], ["SBINTERN", "t"], ["ALUI", "add", "a", "t", 10000000], ["LDI", "v", 8], ["STX", "a", 0, "v"], ["SBCLR"], ["SBOUT", 117], ["SBOUT", 110], ["SBOUT", 100], ["SBOUT", 101], ["SBOUT", 102], ["SBINTERN", "t"], ["ALUI", "add", "a", "t", 10000000], ["LDI", "v", 9], ["STX", "a", 0, "v"], ["SBCLR"], ["SBOUT", 112], ["SBOUT", 114], ["SBOUT", 97], ["SBOUT", 103], ["SBOUT", 109], ["SBOUT", 97], ["SBINTERN", "t"], ["ALUI", "add", "a", "t", 10000000], ["LDI", "v", 100], ["STX", "a", 0, "v"], ["SBCLR"], ["SBOUT", 108], ["SBOUT", 105], ["SBOUT", 110], ["SBOUT", 101], ["SBINTERN", "t"], ["ALUI", "add", "a", "t", 10000000], ["LDI", "v", 101], ["STX", "a", 0, "v"], ["SBCLR"], ["SBOUT", 101], ["SBOUT", 114], ["SBOUT", 114], ["SBOUT", 111], ["SBOUT", 114], ["SBINTERN", "t"], ["ALUI", "add", "a", "t", 10000000], ["LDI", "v", 102], ["STX", "a", 0, "v"], ["SBCLR"], ["SBOUT", 95], ["SBOUT", 80], ["SBOUT", 114], ["SBOUT", 97], ["SBOUT", 103], ["SBOUT", 109], ["SBOUT", 97], ["SBINTERN", "ID_PRAGMAOP"], ["SBCLR"], ["SBOUT", 112], ["SBOUT", 117], ["SBOUT", 115], ["SBOUT", 104], ["SBOUT", 95], ["SBOUT", 109], ["SBOUT", 97], ["SBOUT", 99], ["SBOUT", 114], ["SBOUT", 111], ["SBINTERN", "ID_PUSHM"], ["SBCLR"], ["SBOUT", 112], ["SBOUT", 111], ["SBOUT", 112], ["SBOUT", 95], ["SBOUT", 109], ["SBOUT", 97], ["SBOUT", 99], ["SBOUT", 114], ["SBOUT", 111], ["SBINTERN", "ID_POPM"], ["SBCLR"], ["SBOUT", 48], ["SBINTERN", "ID_0"], ["SBCLR"], ["SBOUT", 49], ["SBINTERN", "ID_1"], ["SBCLR"], ["SBOUT", 100], ["SBOUT", 101], ["SBOUT", 102], ["SBOUT", 105], ["SBOUT", 110], ["SBOUT", 101], ["SBOUT", 100], ["SBINTERN", "ID_DEFD"], ["SBCLR"], ["SBOUT", 112], ["SBOUT", 114], ["SBOUT", 105], ["SBOUT", 110], ["SBOUT", 116], ["SBOUT", 102], ["SBINTERN", "ID_PRINTF"], ["SBCLR"], ["SBOUT", 95], ["SBOUT", 95], ["SBOUT", 86], ["SBOUT", 65], ["SBOUT", 95], ["SBOUT", 65], ["SBOUT", 82], ["SBOUT", 71], ["SBOUT", 83], ["SBOUT", 95], ["SBOUT", 95], ["SBINTERN", "ID_VA"], ["SBCLR"], ["SBOUT", 95], ["SBOUT", 95], ["SBOUT", 76], ["SBOUT", 73], ["SBOUT", 78], ["SBOUT", 69], ["SBOUT", 95], ["SBOUT", 95], ["SBINTERN", "ID_LINE"], ["SBCLR"], ["SBOUT", 95], ["SBOUT", 95], ["SBOUT", 70], ["SBOUT", 73], ["SBOUT", 76], ["SBOUT", 69], ["SBOUT", 95], ["SBOUT", 95], ["SBINTERN", "ID_FILE"], ["LDI", "RUN", 0], ["LDI", "FP", 0], ["LDI", "xc", 67000001], ["LDI", "xq", 0], ["STX", "xc", 0, "xq"], ["LDI", "xc", 67000002], ["LDI", "xq", 1], ["STX", "xc", 0, "xq"], ["LDI", "xc", 67000003], ["LDI", "xq", 2], ["STX", "xc", 0, "xq"], ["LDI", "xc", 67000004], ["LDI", "xq", 3], ["STX", "xc", 0, "xq"], ["LDI", "xc", 67000005], ["LDI", "xq", 4], ["STX", "xc", 0, "xq"], ["LDI", "xc", 67000006], ["LDI", "xq", 5], ["STX", "xc", 0, "xq"], ["LDI", "xc", 67000007], ["LDI", "xq", 6], ["STX", "xc", 0, "xq"], ["LDI", "xc", 67000008], ["LDI", "xq", 7], ["STX", "xc", 0, "xq"], ["LDI", "xc", 67000009], ["LDI", "xq", 8], ["STX", "xc", 0, "xq"], ["LDI", "xc", 67000010], ["LDI", "xq", 8], ["STX", "xc", 0, "xq"], ["LDI", "xc", 67000011], ["LDI", "xq", 9], ["STX", "xc", 0, "xq"], ["LDI", "xc", 67000012], ["LDI", "xq", 9], ["STX", "xc", 0, "xq"], ["LDI", "xc", 67000013], ["LDI", "xq", 9], ["STX", "xc", 0, "xq"], ["LDI", "xc", 67000014], ["LDI", "xq", 9], ["STX", "xc", 0, "xq"], ["LDI", "xc", 67000015], ["LDI", "xq", 10], ["STX", "xc", 0, "xq"], ["LDI", "xc", 67000016], ["LDI", "xq", 10], ["STX", "xc", 0, "xq"], ["LDI", "xc", 67000017], ["LDI", "xq", 11], ["STX", "xc", 0, "xq"], ["LDI", "xc", 67000018], ["LDI", "xq", 11], ["STX", "xc", 0, "xq"], ["LDI", "xc", 67000019], ["LDI", "xq", 12], ["STX", "xc", 0, "xq"], ["LDI", "xc", 67000020], ["LDI", "xq", 12], ["STX", "xc", 0, "xq"], ["LDI", "xc", 67000021], ["LDI", "xq", 12], ["STX", "xc", 0, "xq"], ["LDI", "xc", 67000022], ["LDI", "xq", 13], ["STX", "xc", 0, "xq"], ["LDI", "xc", 67000023], ["LDI", "xq", 13], ["STX", "xc", 0, "xq"], ["LDI", "xc", 67000024], ["LDI", "xq", 13], ["STX", "xc", 0, "xq"], ["LDI", "xc", 67000025], ["LDI", "xq", 13], ["STX", "xc", 0, "xq"], ["LDI", "xc", 67000000], ["LDI", "xq", -1], ["STX", "xc", 0, "xq"]]
=predef	json	{"lnx/x86_64": [{"entry": "P3PD0", "resume": "P3PDR0", "next": "P3PD1", "name": [["SBCLR"], ["SBOUT", 95], ["SBOUT", 95], ["SBOUT", 108], ["SBOUT", 105], ["SBOUT", 110], ["SBOUT", 117], ["SBOUT", 120], ["SBOUT", 95], ["SBOUT", 95]]}, {"entry": "P3PD1", "resume": "P3PDR1", "next": "P3PD2", "name": [["SBCLR"], ["SBOUT", 95], ["SBOUT", 95], ["SBOUT", 117], ["SBOUT", 110], ["SBOUT", 105], ["SBOUT", 120], ["SBOUT", 95], ["SBOUT", 95]]}, {"entry": "P3PD2", "resume": "P3PDR2", "next": "P3PD3", "name": [["SBCLR"], ["SBOUT", 95], ["SBOUT", 95], ["SBOUT", 69], ["SBOUT", 76], ["SBOUT", 70], ["SBOUT", 95], ["SBOUT", 95]]}, {"entry": "P3PD3", "resume": "P3PDR3", "next": "P3PD4", "name": [["SBCLR"], ["SBOUT", 95], ["SBOUT", 95], ["SBOUT", 120], ["SBOUT", 56], ["SBOUT", 54], ["SBOUT", 95], ["SBOUT", 54], ["SBOUT", 52], ["SBOUT", 95], ["SBOUT", 95]]}, {"entry": "P3PD4", "resume": "P3PDR4", "next": "P3PD5", "name": [["SBCLR"], ["SBOUT", 95], ["SBOUT", 95], ["SBOUT", 76], ["SBOUT", 80], ["SBOUT", 54], ["SBOUT", 52], ["SBOUT", 95], ["SBOUT", 95]]}, {"entry": "P3PD5", "resume": "P3PDR5", "next": "OOBJ.start", "name": [["SBCLR"], ["SBOUT", 95], ["SBOUT", 95], ["SBOUT", 85], ["SBOUT", 78], ["SBOUT", 73], ["SBOUT", 83], ["SBOUT", 65], ["SBOUT", 95], ["SBOUT", 95]]}], "lnx/arm64": [{"entry": "P3PD0", "resume": "P3PDR0", "next": "P3PD1", "name": [["SBCLR"], ["SBOUT", 95], ["SBOUT", 95], ["SBOUT", 108], ["SBOUT", 105], ["SBOUT", 110], ["SBOUT", 117], ["SBOUT", 120], ["SBOUT", 95], ["SBOUT", 95]]}, {"entry": "P3PD1", "resume": "P3PDR1", "next": "P3PD2", "name": [["SBCLR"], ["SBOUT", 95], ["SBOUT", 95], ["SBOUT", 117], ["SBOUT", 110], ["SBOUT", 105], ["SBOUT", 120], ["SBOUT", 95], ["SBOUT", 95]]}, {"entry": "P3PD2", "resume": "P3PDR2", "next": "P3PD3", "name": [["SBCLR"], ["SBOUT", 95], ["SBOUT", 95], ["SBOUT", 69], ["SBOUT", 76], ["SBOUT", 70], ["SBOUT", 95], ["SBOUT", 95]]}, {"entry": "P3PD3", "resume": "P3PDR3", "next": "P3PD4", "name": [["SBCLR"], ["SBOUT", 95], ["SBOUT", 95], ["SBOUT", 97], ["SBOUT", 97], ["SBOUT", 114], ["SBOUT", 99], ["SBOUT", 104], ["SBOUT", 54], ["SBOUT", 52], ["SBOUT", 95], ["SBOUT", 95]]}, {"entry": "P3PD4", "resume": "P3PDR4", "next": "P3PD5", "name": [["SBCLR"], ["SBOUT", 95], ["SBOUT", 95], ["SBOUT", 76], ["SBOUT", 80], ["SBOUT", 54], ["SBOUT", 52], ["SBOUT", 95], ["SBOUT", 95]]}, {"entry": "P3PD5", "resume": "P3PDR5", "next": "OOBJ.start", "name": [["SBCLR"], ["SBOUT", 95], ["SBOUT", 95], ["SBOUT", 85], ["SBOUT", 78], ["SBOUT", 73], ["SBOUT", 83], ["SBOUT", 65], ["SBOUT", 95], ["SBOUT", 95]]}], "osx/x86_64": [{"entry": "P3PD0", "resume": "P3PDR0", "next": "P3PD1", "name": [["SBCLR"], ["SBOUT", 95], ["SBOUT", 95], ["SBOUT", 65], ["SBOUT", 80], ["SBOUT", 80], ["SBOUT", 76], ["SBOUT", 69], ["SBOUT", 95], ["SBOUT", 95]]}, {"entry": "P3PD1", "resume": "P3PDR1", "next": "P3PD2", "name": [["SBCLR"], ["SBOUT", 95], ["SBOUT", 95], ["SBOUT", 77], ["SBOUT", 65], ["SBOUT", 67], ["SBOUT", 72], ["SBOUT", 95], ["SBOUT", 95]]}, {"entry": "P3PD2", "resume": "P3PDR2", "next": "P3PD3", "name": [["SBCLR"], ["SBOUT", 95], ["SBOUT", 95], ["SBOUT", 117], ["SBOUT", 110], ["SBOUT", 105], ["SBOUT", 120], ["SBOUT", 95], ["SBOUT", 95]]}, {"entry": "P3PD3", "resume": "P3PDR3", "next": "P3PD4", "name": [["SBCLR"], ["SBOUT", 95], ["SBOUT", 95], ["SBOUT", 120], ["SBOUT", 56], ["SBOUT", 54], ["SBOUT", 95], ["SBOUT", 54], ["SBOUT", 52], ["SBOUT", 95], ["SBOUT", 95]]}, {"entry": "P3PD4", "resume": "P3PDR4", "next": "P3PD5", "name": [["SBCLR"], ["SBOUT", 95], ["SBOUT", 95], ["SBOUT", 76], ["SBOUT", 80], ["SBOUT", 54], ["SBOUT", 52], ["SBOUT", 95], ["SBOUT", 95]]}, {"entry": "P3PD5", "resume": "P3PDR5", "next": "OOBJ.start", "name": [["SBCLR"], ["SBOUT", 95], ["SBOUT", 95], ["SBOUT", 85], ["SBOUT", 78], ["SBOUT", 73], ["SBOUT", 83], ["SBOUT", 65], ["SBOUT", 95], ["SBOUT", 95]]}], "osx/arm64": [{"entry": "P3PD0", "resume": "P3PDR0", "next": "P3PD1", "name": [["SBCLR"], ["SBOUT", 95], ["SBOUT", 95], ["SBOUT", 65], ["SBOUT", 80], ["SBOUT", 80], ["SBOUT", 76], ["SBOUT", 69], ["SBOUT", 95], ["SBOUT", 95]]}, {"entry": "P3PD1", "resume": "P3PDR1", "next": "P3PD2", "name": [["SBCLR"], ["SBOUT", 95], ["SBOUT", 95], ["SBOUT", 77], ["SBOUT", 65], ["SBOUT", 67], ["SBOUT", 72], ["SBOUT", 95], ["SBOUT", 95]]}, {"entry": "P3PD2", "resume": "P3PDR2", "next": "P3PD3", "name": [["SBCLR"], ["SBOUT", 95], ["SBOUT", 95], ["SBOUT", 117], ["SBOUT", 110], ["SBOUT", 105], ["SBOUT", 120], ["SBOUT", 95], ["SBOUT", 95]]}, {"entry": "P3PD3", "resume": "P3PDR3", "next": "P3PD4", "name": [["SBCLR"], ["SBOUT", 95], ["SBOUT", 95], ["SBOUT", 97], ["SBOUT", 97], ["SBOUT", 114], ["SBOUT", 99], ["SBOUT", 104], ["SBOUT", 54], ["SBOUT", 52], ["SBOUT", 95], ["SBOUT", 95]]}, {"entry": "P3PD4", "resume": "P3PDR4", "next": "P3PD5", "name": [["SBCLR"], ["SBOUT", 95], ["SBOUT", 95], ["SBOUT", 76], ["SBOUT", 80], ["SBOUT", 54], ["SBOUT", 52], ["SBOUT", 95], ["SBOUT", 95]]}, {"entry": "P3PD5", "resume": "P3PDR5", "next": "OOBJ.start", "name": [["SBCLR"], ["SBOUT", 95], ["SBOUT", 95], ["SBOUT", 85], ["SBOUT", 78], ["SBOUT", 73], ["SBOUT", 83], ["SBOUT", 65], ["SBOUT", 95], ["SBOUT", 95]]}], "win/x86_64": [{"entry": "P3PD0", "resume": "P3PDR0", "next": "P3PD1", "name": [["SBCLR"], ["SBOUT", 95], ["SBOUT", 87], ["SBOUT", 73], ["SBOUT", 78], ["SBOUT", 51], ["SBOUT", 50]]}, {"entry": "P3PD1", "resume": "P3PDR1", "next": "P3PD2", "name": [["SBCLR"], ["SBOUT", 95], ["SBOUT", 87], ["SBOUT", 73], ["SBOUT", 78], ["SBOUT", 54], ["SBOUT", 52]]}, {"entry": "P3PD2", "resume": "P3PDR2", "next": "P3PD3", "name": [["SBCLR"], ["SBOUT", 95], ["SBOUT", 95], ["SBOUT", 120], ["SBOUT", 56], ["SBOUT", 54], ["SBOUT", 95], ["SBOUT", 54], ["SBOUT", 52], ["SBOUT", 95], ["SBOUT", 95]]}, {"entry": "P3PD3", "resume": "P3PDR3", "next": "P3PD4", "name": [["SBCLR"], ["SBOUT", 95], ["SBOUT", 95], ["SBOUT", 76], ["SBOUT", 80], ["SBOUT", 54], ["SBOUT", 52], ["SBOUT", 95], ["SBOUT", 95]]}, {"entry": "P3PD4", "resume": "P3PDR4", "next": "OOBJ.start", "name": [["SBCLR"], ["SBOUT", 95], ["SBOUT", 95], ["SBOUT", 85], ["SBOUT", 78], ["SBOUT", 73], ["SBOUT", 83], ["SBOUT", 65], ["SBOUT", 95], ["SBOUT", 95]]}], "win/arm64": [{"entry": "P3PD0", "resume": "P3PDR0", "next": "P3PD1", "name": [["SBCLR"], ["SBOUT", 95], ["SBOUT", 87], ["SBOUT", 73], ["SBOUT", 78], ["SBOUT", 51], ["SBOUT", 50]]}, {"entry": "P3PD1", "resume": "P3PDR1", "next": "P3PD2", "name": [["SBCLR"], ["SBOUT", 95], ["SBOUT", 87], ["SBOUT", 73], ["SBOUT", 78], ["SBOUT", 54], ["SBOUT", 52]]}, {"entry": "P3PD2", "resume": "P3PDR2", "next": "P3PD3", "name": [["SBCLR"], ["SBOUT", 95], ["SBOUT", 95], ["SBOUT", 97], ["SBOUT", 97], ["SBOUT", 114], ["SBOUT", 99], ["SBOUT", 104], ["SBOUT", 54], ["SBOUT", 52], ["SBOUT", 95], ["SBOUT", 95]]}, {"entry": "P3PD3", "resume": "P3PDR3", "next": "P3PD4", "name": [["SBCLR"], ["SBOUT", 95], ["SBOUT", 95], ["SBOUT", 76], ["SBOUT", 80], ["SBOUT", 54], ["SBOUT", 52], ["SBOUT", 95], ["SBOUT", 95]]}, {"entry": "P3PD4", "resume": "P3PDR4", "next": "OOBJ.start", "name": [["SBCLR"], ["SBOUT", 95], ["SBOUT", 95], ["SBOUT", 85], ["SBOUT", 78], ["SBOUT", 73], ["SBOUT", 83], ["SBOUT", 65], ["SBOUT", 95], ["SBOUT", 95]]}]}
=cases	json	[{"key": 0, "target": "P3BLANK", "acts": "[[\"JUMP\", \"LS\"]]"}, {"key": 100, "target": "PRAG", "acts": "[[\"RLD\", \"LIVE\"]]"}, {"key": 101, "target": "LDIR", "acts": "[[\"RLD\", \"LIVE\"]]"}, {"key": 102, "target": "D_ERROR", "acts": "[[\"RLD\", \"LIVE\"]]"}, {"key": 1, "target": "D_ifdef", "acts": "[]"}, {"key": 2, "target": "D_ifndef", "acts": "[]"}, {"key": 3, "target": "D_if", "acts": "[]"}, {"key": 4, "target": "D_elif", "acts": "[]"}, {"key": 5, "target": "D_else", "acts": "[]"}, {"key": 6, "target": "D_endif", "acts": "[]"}, {"key": 7, "target": "D_define", "acts": "[]"}, {"key": 8, "target": "D_include", "acts": "[]"}, {"key": 9, "target": "D_undef", "acts": "[]"}]
=dswkeys	json	[0, 1, 2, 3, 4, 5, 6, 7, 8, 9, 100, 101, 102]
=dactions	json	[{"name": "D_ifdef_a0", "section": "ifdef/skip"}, {"name": "D_ifdef_a1", "section": "ifdef/take"}, {"name": "D_ifndef_a0", "section": "ifndef/take"}, {"name": "D_ifndef_a1", "section": "ifndef/skip"}, {"name": "D_if_a0", "section": "if/skip"}, {"name": "D_if_a1", "section": "if/take"}, {"name": "D_elif_a0", "section": "elif/skip"}, {"name": "D_elif_a1", "section": "elif/take"}, {"name": "D_else_a0", "section": "else/skip"}, {"name": "D_else_a1", "section": "else/take"}, {"name": "D_endif_a0", "section": "endif/pop"}, {"name": "D_endif_a1", "section": "endif/pop"}, {"name": "D_define_a0", "section": "define/macro"}, {"name": "D_define_a1", "section": "define/macro"}, {"name": "D_include_a0", "section": "include/macro"}, {"name": "D_include_a1", "section": "include/macro"}, {"name": "D_undef_a0", "section": "undef/macro"}, {"name": "D_undef_a1", "section": "undef/macro"}]
=esc	json	[{"code": 97, "value": 7}, {"code": 98, "value": 8}, {"code": 102, "value": 12}, {"code": 118, "value": 11}, {"code": 110, "value": 10}, {"code": 116, "value": 9}, {"code": 114, "value": 13}, {"code": 92, "value": 92}, {"code": 34, "value": 34}, {"code": 39, "value": 39}]
=esckeys	json	[97, 98, 102, 118, 110, 116, 114, 92, 34, 39]
=xelayout	json	{"PREC_1": 0, "PREC_2": 1, "PREC_3": 2, "PREC_4": 3, "PREC_5": 4, "PREC_6": 5, "PREC_7": 6, "PREC_8": 7, "PREC_9": 8, "PREC_10": 8, "PREC_11": 9, "PREC_12": 9, "PREC_13": 9, "PREC_14": 9, "PREC_15": 10, "PREC_16": 10, "PREC_17": 11, "PREC_18": 11, "PREC_19": 12, "PREC_20": 12, "PREC_21": 12, "PREC_22": 13, "PREC_23": 13, "PREC_24": 13, "PREC_25": 13, "XOB_PREV": 63999999}
=objname	json	[["SBCLR"], ["SBOUT", 95], ["SBOUT", 95], ["SBOUT", 85], ["SBOUT", 78], ["SBOUT", 73], ["SBOUT", 83], ["SBOUT", 65], ["SBOUT", 95], ["SBOUT", 79], ["SBOUT", 66], ["SBOUT", 74], ["SBOUT", 69], ["SBOUT", 67], ["SBOUT", 84]]
=location_line	json	[["ALUI", "add", "CLI_PRELINES", "CLI_PRELINES", 1]]
=predefres	json	{"lnx/arm64": "__linux__\u0000__unix__\u0000__ELF__\u0000__aarch64__\u0000__LP64__\u0000__UNISA__\u0000", "lnx/x86_64": "__linux__\u0000__unix__\u0000__ELF__\u0000__x86_64__\u0000__LP64__\u0000__UNISA__\u0000", "osx/arm64": "__APPLE__\u0000__MACH__\u0000__unix__\u0000__aarch64__\u0000__LP64__\u0000__UNISA__\u0000", "osx/x86_64": "__APPLE__\u0000__MACH__\u0000__unix__\u0000__x86_64__\u0000__LP64__\u0000__UNISA__\u0000", "win/arm64": "_WIN32\u0000_WIN64\u0000__aarch64__\u0000__LP64__\u0000__UNISA__\u0000", "win/x86_64": "_WIN32\u0000_WIN64\u0000__x86_64__\u0000__LP64__\u0000__UNISA__\u0000"}
