# section	state	observation	next	actions
scan	LINE	64	HDR.key	[["MARK","hs"],["ADV"]]
scan	LINE	256	FINISH	[]
scan	LINE	10	LINE	[["ADV"]]
scan	LINE	*	OP.scan	[["MARK","lstart"],["MARK","start"]]
scan	OP.scan	58	LABEL	[["MARK","end"],["ADV"]]
scan	OP.scan	32,10,256	OP.end	[["MARK","end"]]
scan	OP.scan	*	OP.scan	[["ADV"]]
scan	ARG	32	ARG	[["ADV"]]
scan	ARG	10,256	ENC	[]
scan	ARG	*	ARG.type	[]
scan	NAME	*	NAME.scan	[["MARK","start"]]
scan	NAME.scan	32,44,10,256	NAME.end	[["MARK","end"]]
scan	NAME.scan	*	NAME.scan	[["ADV"]]
scan	VALUE	45,48,49,50,51,52,53,54,55,56,57	NUM	[["LDI","neg",0],["LDI","v",0],["LDI","kind",2]]
scan	VALUE	*	REG.scan	[["MARK","start"]]
scan	REG.scan	61	META.begin	[["MARK","end"],["ADV"]]
scan	REG.scan	32,44,10,256	REG.end	[["MARK","end"]]
scan	REG.scan	*	REG.scan	[["ADV"]]
scan	NUM	45	NUM.first	[["LDI","neg",1],["ADV"]]
scan	NUM	*	NUM.first	[]
scan	NUM.first	48,49,50,51,52,53,54,55,56,57	NUM.digit	[]
scan	NUM.first	*	FAIL	[]
scan	NUM.more	48,49,50,51,52,53,54,55,56,57	NUM.digit	[]
scan	NUM.more	32,44,10,256	NUM.sign	[]
scan	NUM.more	*	FAIL	[]
after	AFTER	32	AFTER	[["ADV"]]
after	AFTER	44	REQUIRED	[["ADV"]]
after	AFTER	10,256	ENC	[]
after	AFTER	*	META.key	[["MARK","start"]]
after	REQUIRED	32	REQUIRED	[["ADV"]]
after	REQUIRED	10,256	FAIL	[]
after	REQUIRED	*	ARG	[]
fail	FAIL.copy	10,256	FAIL.end	[]
fail	FAIL.copy	*	FAIL.copy	[["COPYT"],["ADV"]]
