# op	stem	section	when	facts	fresh	seq	bind	opts
#! base build/graph.py
#! graph G
#! flags locations shared-predefines osx win arm64 no-autoinc
# E2 preprocessor delta entry (was pp/gen.py): target lnx/x86_64 by default, --osx/--win, --arm64; --no-autoinc drops P2
let	-	-	osx&win	-	-	-	-	{"exit": "choose one OS"}
let	-	-	!osx&!win	-	-	-	os=@str:lnx	-
let	-	-	osx	-	-	-	os=@str:osx	-
let	-	-	win	-	-	-	os=@str:win	-
let	-	-	!arm64	-	-	-	arch=@str:x86_64	-
let	-	-	arm64	-	-	-	arch=@str:arm64	-
let	-	-	-	-	-	-	target=@str:{os}/{arch}	-
call	body	-	-	-	-	-	-	-
