# section	state	observation	target	actions
main	COPY.question	*	COPY.raw	[["ALUI","add","copy_cond","copy_cond",1]]
main	COPY.colon	*	COPY.colon.test	[["CMPI","copy_cond",0]]
main	COPY.colon.test	1	COPY.raw	[]
main	COPY.colon.test	*	COPY.colon.pop	[]
main	COPY.colon.pop	*	COPY.raw	[["ALUI","sub","copy_cond","copy_cond",1]]
main	COPY.labelcheck	*	COPY.labelprev	[["CMPI","copy_prev",["constant","GOTO"]]]
main	COPY.labelprev	1	COPY.raw	[]
main	COPY.labelprev	*	COPY.labelcond	[]
main	COPY.labelcond	*	COPY.labelcond.test	[["CMPI","copy_cond",0]]
main	COPY.labelcond.test	1	COPY.labelpeek	[]
main	COPY.labelcond.test	*	COPY.rename	[]
main	COPY.labelpeek	*	NEXT	[["MARK","copy_label_at"],["COPYW","copy_label_ps","ps"],["COPYW","copy_label_pe","pe"],["COPYW","copy_label_tpos","tpos"],["COPYW","copy_label_source","source_pos"],["PUSH","COPY.labelrestore"]]
main	COPY.labelrestore	*	COPY.labelcolon	[["CMPI","tk",["constant","COLON"]],["JUMP","copy_label_at"],["COPYW","ps","copy_label_ps"],["COPYW","pe","copy_label_pe"],["COPYW","tpos","copy_label_tpos"],["COPYW","source_pos","copy_label_source"],["LDI","tk",["constant","ID"]]]
main	COPY.labelcolon	1	COPY.raw	[]
main	COPY.labelcolon	*	COPY.rename	[]
