# stage peep: 1632 keys, generated by `python3 -m unisa gold-export` from unisa/gold.py -- do not edit
#field	a	store64	load64	imm	mov	jump	jumpz	alu	other
#field	b	store64	load64	imm	mov	jump	jumpz	add64	sub64	mul64	shl64	shr64	lshr64	or64	xor64	and64	other	none
#field	rel	none	same_slot	same_slot_same_reg	const0	const1	pow2	copy_dead	to_next	to_jump	a_dead	dest_to_mov	copy_into
#head	y	-	keep	load_to_mov	drop_b	drop_a	retarget	to_mov	to_shl	fold_imm	retarget_dest	fold_copy
a	b	rel	=> y
store64	store64	none	keep
store64	store64	same_slot	drop_a
store64	store64	same_slot_same_reg	drop_a
store64	store64	const0	keep
store64	store64	const1	keep
store64	store64	pow2	keep
store64	store64	copy_dead	keep
store64	store64	to_next	keep
store64	store64	to_jump	keep
store64	store64	a_dead	keep
store64	store64	dest_to_mov	keep
store64	store64	copy_into	keep
store64	load64	none	keep
store64	load64	same_slot	load_to_mov
store64	load64	same_slot_same_reg	drop_b
store64	load64	const0	keep
store64	load64	const1	keep
store64	load64	pow2	keep
store64	load64	copy_dead	keep
store64	load64	to_next	keep
store64	load64	to_jump	keep
store64	load64	a_dead	keep
store64	load64	dest_to_mov	keep
store64	load64	copy_into	keep
store64	imm	none	keep
store64	imm	same_slot	keep
store64	imm	same_slot_same_reg	keep
store64	imm	const0	keep
store64	imm	const1	keep
store64	imm	pow2	keep
store64	imm	copy_dead	keep
store64	imm	to_next	keep
store64	imm	to_jump	keep
store64	imm	a_dead	keep
store64	imm	dest_to_mov	keep
store64	imm	copy_into	keep
store64	mov	none	keep
store64	mov	same_slot	keep
store64	mov	same_slot_same_reg	keep
store64	mov	const0	keep
store64	mov	const1	keep
store64	mov	pow2	keep
store64	mov	copy_dead	keep
store64	mov	to_next	keep
store64	mov	to_jump	keep
store64	mov	a_dead	keep
store64	mov	dest_to_mov	keep
store64	mov	copy_into	keep
store64	jump	none	keep
store64	jump	same_slot	keep
store64	jump	same_slot_same_reg	keep
store64	jump	const0	keep
store64	jump	const1	keep
store64	jump	pow2	keep
store64	jump	copy_dead	keep
store64	jump	to_next	keep
store64	jump	to_jump	keep
store64	jump	a_dead	keep
store64	jump	dest_to_mov	keep
store64	jump	copy_into	keep
store64	jumpz	none	keep
store64	jumpz	same_slot	keep
store64	jumpz	same_slot_same_reg	keep
store64	jumpz	const0	keep
store64	jumpz	const1	keep
store64	jumpz	pow2	keep
store64	jumpz	copy_dead	keep
store64	jumpz	to_next	keep
store64	jumpz	to_jump	keep
store64	jumpz	a_dead	keep
store64	jumpz	dest_to_mov	keep
store64	jumpz	copy_into	keep
store64	add64	none	keep
store64	add64	same_slot	keep
store64	add64	same_slot_same_reg	keep
store64	add64	const0	keep
store64	add64	const1	keep
store64	add64	pow2	keep
store64	add64	copy_dead	keep
store64	add64	to_next	keep
store64	add64	to_jump	keep
store64	add64	a_dead	keep
store64	add64	dest_to_mov	keep
store64	add64	copy_into	keep
store64	sub64	none	keep
store64	sub64	same_slot	keep
store64	sub64	same_slot_same_reg	keep
store64	sub64	const0	keep
store64	sub64	const1	keep
store64	sub64	pow2	keep
store64	sub64	copy_dead	keep
store64	sub64	to_next	keep
store64	sub64	to_jump	keep
store64	sub64	a_dead	keep
store64	sub64	dest_to_mov	keep
store64	sub64	copy_into	keep
store64	mul64	none	keep
store64	mul64	same_slot	keep
store64	mul64	same_slot_same_reg	keep
store64	mul64	const0	keep
store64	mul64	const1	keep
store64	mul64	pow2	keep
store64	mul64	copy_dead	keep
store64	mul64	to_next	keep
store64	mul64	to_jump	keep
store64	mul64	a_dead	keep
store64	mul64	dest_to_mov	keep
store64	mul64	copy_into	keep
store64	shl64	none	keep
store64	shl64	same_slot	keep
store64	shl64	same_slot_same_reg	keep
store64	shl64	const0	keep
store64	shl64	const1	keep
store64	shl64	pow2	keep
store64	shl64	copy_dead	keep
store64	shl64	to_next	keep
store64	shl64	to_jump	keep
store64	shl64	a_dead	keep
store64	shl64	dest_to_mov	keep
store64	shl64	copy_into	keep
store64	shr64	none	keep
store64	shr64	same_slot	keep
store64	shr64	same_slot_same_reg	keep
store64	shr64	const0	keep
store64	shr64	const1	keep
store64	shr64	pow2	keep
store64	shr64	copy_dead	keep
store64	shr64	to_next	keep
store64	shr64	to_jump	keep
store64	shr64	a_dead	keep
store64	shr64	dest_to_mov	keep
store64	shr64	copy_into	keep
store64	lshr64	none	keep
store64	lshr64	same_slot	keep
store64	lshr64	same_slot_same_reg	keep
store64	lshr64	const0	keep
store64	lshr64	const1	keep
store64	lshr64	pow2	keep
store64	lshr64	copy_dead	keep
store64	lshr64	to_next	keep
store64	lshr64	to_jump	keep
store64	lshr64	a_dead	keep
store64	lshr64	dest_to_mov	keep
store64	lshr64	copy_into	keep
store64	or64	none	keep
store64	or64	same_slot	keep
store64	or64	same_slot_same_reg	keep
store64	or64	const0	keep
store64	or64	const1	keep
store64	or64	pow2	keep
store64	or64	copy_dead	keep
store64	or64	to_next	keep
store64	or64	to_jump	keep
store64	or64	a_dead	keep
store64	or64	dest_to_mov	keep
store64	or64	copy_into	keep
store64	xor64	none	keep
store64	xor64	same_slot	keep
store64	xor64	same_slot_same_reg	keep
store64	xor64	const0	keep
store64	xor64	const1	keep
store64	xor64	pow2	keep
store64	xor64	copy_dead	keep
store64	xor64	to_next	keep
store64	xor64	to_jump	keep
store64	xor64	a_dead	keep
store64	xor64	dest_to_mov	keep
store64	xor64	copy_into	keep
store64	and64	none	keep
store64	and64	same_slot	keep
store64	and64	same_slot_same_reg	keep
store64	and64	const0	keep
store64	and64	const1	keep
store64	and64	pow2	keep
store64	and64	copy_dead	keep
store64	and64	to_next	keep
store64	and64	to_jump	keep
store64	and64	a_dead	keep
store64	and64	dest_to_mov	keep
store64	and64	copy_into	keep
store64	other	none	keep
store64	other	same_slot	keep
store64	other	same_slot_same_reg	keep
store64	other	const0	keep
store64	other	const1	keep
store64	other	pow2	keep
store64	other	copy_dead	keep
store64	other	to_next	keep
store64	other	to_jump	keep
store64	other	a_dead	keep
store64	other	dest_to_mov	keep
store64	other	copy_into	keep
store64	none	none	keep
store64	none	same_slot	keep
store64	none	same_slot_same_reg	keep
store64	none	const0	keep
store64	none	const1	keep
store64	none	pow2	keep
store64	none	copy_dead	keep
store64	none	to_next	keep
store64	none	to_jump	keep
store64	none	a_dead	keep
store64	none	dest_to_mov	keep
store64	none	copy_into	keep
load64	store64	none	keep
load64	store64	same_slot	keep
load64	store64	same_slot_same_reg	keep
load64	store64	const0	keep
load64	store64	const1	keep
load64	store64	pow2	keep
load64	store64	copy_dead	keep
load64	store64	to_next	keep
load64	store64	to_jump	keep
load64	store64	a_dead	drop_a
load64	store64	dest_to_mov	keep
load64	store64	copy_into	keep
load64	load64	none	keep
load64	load64	same_slot	keep
load64	load64	same_slot_same_reg	keep
load64	load64	const0	keep
load64	load64	const1	keep
load64	load64	pow2	keep
load64	load64	copy_dead	keep
load64	load64	to_next	keep
load64	load64	to_jump	keep
load64	load64	a_dead	drop_a
load64	load64	dest_to_mov	keep
load64	load64	copy_into	keep
load64	imm	none	keep
load64	imm	same_slot	keep
load64	imm	same_slot_same_reg	keep
load64	imm	const0	keep
load64	imm	const1	keep
load64	imm	pow2	keep
load64	imm	copy_dead	keep
load64	imm	to_next	keep
load64	imm	to_jump	keep
load64	imm	a_dead	drop_a
load64	imm	dest_to_mov	keep
load64	imm	copy_into	keep
load64	mov	none	keep
load64	mov	same_slot	keep
load64	mov	same_slot_same_reg	keep
load64	mov	const0	keep
load64	mov	const1	keep
load64	mov	pow2	keep
load64	mov	copy_dead	keep
load64	mov	to_next	keep
load64	mov	to_jump	keep
load64	mov	a_dead	drop_a
load64	mov	dest_to_mov	retarget_dest
load64	mov	copy_into	keep
load64	jump	none	keep
load64	jump	same_slot	keep
load64	jump	same_slot_same_reg	keep
load64	jump	const0	keep
load64	jump	const1	keep
load64	jump	pow2	keep
load64	jump	copy_dead	keep
load64	jump	to_next	keep
load64	jump	to_jump	keep
load64	jump	a_dead	drop_a
load64	jump	dest_to_mov	keep
load64	jump	copy_into	keep
load64	jumpz	none	keep
load64	jumpz	same_slot	keep
load64	jumpz	same_slot_same_reg	keep
load64	jumpz	const0	keep
load64	jumpz	const1	keep
load64	jumpz	pow2	keep
load64	jumpz	copy_dead	keep
load64	jumpz	to_next	keep
load64	jumpz	to_jump	keep
load64	jumpz	a_dead	drop_a
load64	jumpz	dest_to_mov	keep
load64	jumpz	copy_into	keep
load64	add64	none	keep
load64	add64	same_slot	keep
load64	add64	same_slot_same_reg	keep
load64	add64	const0	keep
load64	add64	const1	keep
load64	add64	pow2	keep
load64	add64	copy_dead	keep
load64	add64	to_next	keep
load64	add64	to_jump	keep
load64	add64	a_dead	drop_a
load64	add64	dest_to_mov	keep
load64	add64	copy_into	keep
load64	sub64	none	keep
load64	sub64	same_slot	keep
load64	sub64	same_slot_same_reg	keep
load64	sub64	const0	keep
load64	sub64	const1	keep
load64	sub64	pow2	keep
load64	sub64	copy_dead	keep
load64	sub64	to_next	keep
load64	sub64	to_jump	keep
load64	sub64	a_dead	drop_a
load64	sub64	dest_to_mov	keep
load64	sub64	copy_into	keep
load64	mul64	none	keep
load64	mul64	same_slot	keep
load64	mul64	same_slot_same_reg	keep
load64	mul64	const0	keep
load64	mul64	const1	keep
load64	mul64	pow2	keep
load64	mul64	copy_dead	keep
load64	mul64	to_next	keep
load64	mul64	to_jump	keep
load64	mul64	a_dead	drop_a
load64	mul64	dest_to_mov	keep
load64	mul64	copy_into	keep
load64	shl64	none	keep
load64	shl64	same_slot	keep
load64	shl64	same_slot_same_reg	keep
load64	shl64	const0	keep
load64	shl64	const1	keep
load64	shl64	pow2	keep
load64	shl64	copy_dead	keep
load64	shl64	to_next	keep
load64	shl64	to_jump	keep
load64	shl64	a_dead	drop_a
load64	shl64	dest_to_mov	keep
load64	shl64	copy_into	keep
load64	shr64	none	keep
load64	shr64	same_slot	keep
load64	shr64	same_slot_same_reg	keep
load64	shr64	const0	keep
load64	shr64	const1	keep
load64	shr64	pow2	keep
load64	shr64	copy_dead	keep
load64	shr64	to_next	keep
load64	shr64	to_jump	keep
load64	shr64	a_dead	drop_a
load64	shr64	dest_to_mov	keep
load64	shr64	copy_into	keep
load64	lshr64	none	keep
load64	lshr64	same_slot	keep
load64	lshr64	same_slot_same_reg	keep
load64	lshr64	const0	keep
load64	lshr64	const1	keep
load64	lshr64	pow2	keep
load64	lshr64	copy_dead	keep
load64	lshr64	to_next	keep
load64	lshr64	to_jump	keep
load64	lshr64	a_dead	drop_a
load64	lshr64	dest_to_mov	keep
load64	lshr64	copy_into	keep
load64	or64	none	keep
load64	or64	same_slot	keep
load64	or64	same_slot_same_reg	keep
load64	or64	const0	keep
load64	or64	const1	keep
load64	or64	pow2	keep
load64	or64	copy_dead	keep
load64	or64	to_next	keep
load64	or64	to_jump	keep
load64	or64	a_dead	drop_a
load64	or64	dest_to_mov	keep
load64	or64	copy_into	keep
load64	xor64	none	keep
load64	xor64	same_slot	keep
load64	xor64	same_slot_same_reg	keep
load64	xor64	const0	keep
load64	xor64	const1	keep
load64	xor64	pow2	keep
load64	xor64	copy_dead	keep
load64	xor64	to_next	keep
load64	xor64	to_jump	keep
load64	xor64	a_dead	drop_a
load64	xor64	dest_to_mov	keep
load64	xor64	copy_into	keep
load64	and64	none	keep
load64	and64	same_slot	keep
load64	and64	same_slot_same_reg	keep
load64	and64	const0	keep
load64	and64	const1	keep
load64	and64	pow2	keep
load64	and64	copy_dead	keep
load64	and64	to_next	keep
load64	and64	to_jump	keep
load64	and64	a_dead	drop_a
load64	and64	dest_to_mov	keep
load64	and64	copy_into	keep
load64	other	none	keep
load64	other	same_slot	keep
load64	other	same_slot_same_reg	keep
load64	other	const0	keep
load64	other	const1	keep
load64	other	pow2	keep
load64	other	copy_dead	keep
load64	other	to_next	keep
load64	other	to_jump	keep
load64	other	a_dead	drop_a
load64	other	dest_to_mov	keep
load64	other	copy_into	keep
load64	none	none	keep
load64	none	same_slot	keep
load64	none	same_slot_same_reg	keep
load64	none	const0	keep
load64	none	const1	keep
load64	none	pow2	keep
load64	none	copy_dead	keep
load64	none	to_next	keep
load64	none	to_jump	keep
load64	none	a_dead	drop_a
load64	none	dest_to_mov	keep
load64	none	copy_into	keep
imm	store64	none	keep
imm	store64	same_slot	keep
imm	store64	same_slot_same_reg	keep
imm	store64	const0	keep
imm	store64	const1	keep
imm	store64	pow2	keep
imm	store64	copy_dead	keep
imm	store64	to_next	keep
imm	store64	to_jump	keep
imm	store64	a_dead	drop_a
imm	store64	dest_to_mov	keep
imm	store64	copy_into	keep
imm	load64	none	keep
imm	load64	same_slot	keep
imm	load64	same_slot_same_reg	keep
imm	load64	const0	keep
imm	load64	const1	keep
imm	load64	pow2	keep
imm	load64	copy_dead	keep
imm	load64	to_next	keep
imm	load64	to_jump	keep
imm	load64	a_dead	drop_a
imm	load64	dest_to_mov	keep
imm	load64	copy_into	keep
imm	imm	none	keep
imm	imm	same_slot	keep
imm	imm	same_slot_same_reg	keep
imm	imm	const0	keep
imm	imm	const1	keep
imm	imm	pow2	keep
imm	imm	copy_dead	keep
imm	imm	to_next	keep
imm	imm	to_jump	keep
imm	imm	a_dead	drop_a
imm	imm	dest_to_mov	keep
imm	imm	copy_into	keep
imm	mov	none	keep
imm	mov	same_slot	keep
imm	mov	same_slot_same_reg	keep
imm	mov	const0	keep
imm	mov	const1	keep
imm	mov	pow2	keep
imm	mov	copy_dead	fold_imm
imm	mov	to_next	keep
imm	mov	to_jump	keep
imm	mov	a_dead	drop_a
imm	mov	dest_to_mov	retarget_dest
imm	mov	copy_into	keep
imm	jump	none	keep
imm	jump	same_slot	keep
imm	jump	same_slot_same_reg	keep
imm	jump	const0	keep
imm	jump	const1	keep
imm	jump	pow2	keep
imm	jump	copy_dead	keep
imm	jump	to_next	keep
imm	jump	to_jump	keep
imm	jump	a_dead	drop_a
imm	jump	dest_to_mov	keep
imm	jump	copy_into	keep
imm	jumpz	none	keep
imm	jumpz	same_slot	keep
imm	jumpz	same_slot_same_reg	keep
imm	jumpz	const0	keep
imm	jumpz	const1	keep
imm	jumpz	pow2	keep
imm	jumpz	copy_dead	keep
imm	jumpz	to_next	keep
imm	jumpz	to_jump	keep
imm	jumpz	a_dead	drop_a
imm	jumpz	dest_to_mov	keep
imm	jumpz	copy_into	keep
imm	add64	none	keep
imm	add64	same_slot	keep
imm	add64	same_slot_same_reg	keep
imm	add64	const0	to_mov
imm	add64	const1	keep
imm	add64	pow2	keep
imm	add64	copy_dead	keep
imm	add64	to_next	keep
imm	add64	to_jump	keep
imm	add64	a_dead	drop_a
imm	add64	dest_to_mov	keep
imm	add64	copy_into	keep
imm	sub64	none	keep
imm	sub64	same_slot	keep
imm	sub64	same_slot_same_reg	keep
imm	sub64	const0	to_mov
imm	sub64	const1	keep
imm	sub64	pow2	keep
imm	sub64	copy_dead	keep
imm	sub64	to_next	keep
imm	sub64	to_jump	keep
imm	sub64	a_dead	drop_a
imm	sub64	dest_to_mov	keep
imm	sub64	copy_into	keep
imm	mul64	none	keep
imm	mul64	same_slot	keep
imm	mul64	same_slot_same_reg	keep
imm	mul64	const0	keep
imm	mul64	const1	to_mov
imm	mul64	pow2	keep
imm	mul64	copy_dead	keep
imm	mul64	to_next	keep
imm	mul64	to_jump	keep
imm	mul64	a_dead	drop_a
imm	mul64	dest_to_mov	keep
imm	mul64	copy_into	keep
imm	shl64	none	keep
imm	shl64	same_slot	keep
imm	shl64	same_slot_same_reg	keep
imm	shl64	const0	to_mov
imm	shl64	const1	keep
imm	shl64	pow2	keep
imm	shl64	copy_dead	keep
imm	shl64	to_next	keep
imm	shl64	to_jump	keep
imm	shl64	a_dead	drop_a
imm	shl64	dest_to_mov	keep
imm	shl64	copy_into	keep
imm	shr64	none	keep
imm	shr64	same_slot	keep
imm	shr64	same_slot_same_reg	keep
imm	shr64	const0	to_mov
imm	shr64	const1	keep
imm	shr64	pow2	keep
imm	shr64	copy_dead	keep
imm	shr64	to_next	keep
imm	shr64	to_jump	keep
imm	shr64	a_dead	drop_a
imm	shr64	dest_to_mov	keep
imm	shr64	copy_into	keep
imm	lshr64	none	keep
imm	lshr64	same_slot	keep
imm	lshr64	same_slot_same_reg	keep
imm	lshr64	const0	to_mov
imm	lshr64	const1	keep
imm	lshr64	pow2	keep
imm	lshr64	copy_dead	keep
imm	lshr64	to_next	keep
imm	lshr64	to_jump	keep
imm	lshr64	a_dead	drop_a
imm	lshr64	dest_to_mov	keep
imm	lshr64	copy_into	keep
imm	or64	none	keep
imm	or64	same_slot	keep
imm	or64	same_slot_same_reg	keep
imm	or64	const0	to_mov
imm	or64	const1	keep
imm	or64	pow2	keep
imm	or64	copy_dead	keep
imm	or64	to_next	keep
imm	or64	to_jump	keep
imm	or64	a_dead	drop_a
imm	or64	dest_to_mov	keep
imm	or64	copy_into	keep
imm	xor64	none	keep
imm	xor64	same_slot	keep
imm	xor64	same_slot_same_reg	keep
imm	xor64	const0	to_mov
imm	xor64	const1	keep
imm	xor64	pow2	keep
imm	xor64	copy_dead	keep
imm	xor64	to_next	keep
imm	xor64	to_jump	keep
imm	xor64	a_dead	drop_a
imm	xor64	dest_to_mov	keep
imm	xor64	copy_into	keep
imm	and64	none	keep
imm	and64	same_slot	keep
imm	and64	same_slot_same_reg	keep
imm	and64	const0	keep
imm	and64	const1	keep
imm	and64	pow2	keep
imm	and64	copy_dead	keep
imm	and64	to_next	keep
imm	and64	to_jump	keep
imm	and64	a_dead	drop_a
imm	and64	dest_to_mov	keep
imm	and64	copy_into	keep
imm	other	none	keep
imm	other	same_slot	keep
imm	other	same_slot_same_reg	keep
imm	other	const0	keep
imm	other	const1	keep
imm	other	pow2	keep
imm	other	copy_dead	keep
imm	other	to_next	keep
imm	other	to_jump	keep
imm	other	a_dead	drop_a
imm	other	dest_to_mov	keep
imm	other	copy_into	keep
imm	none	none	keep
imm	none	same_slot	keep
imm	none	same_slot_same_reg	keep
imm	none	const0	keep
imm	none	const1	keep
imm	none	pow2	keep
imm	none	copy_dead	keep
imm	none	to_next	keep
imm	none	to_jump	keep
imm	none	a_dead	drop_a
imm	none	dest_to_mov	keep
imm	none	copy_into	keep
mov	store64	none	keep
mov	store64	same_slot	keep
mov	store64	same_slot_same_reg	keep
mov	store64	const0	keep
mov	store64	const1	keep
mov	store64	pow2	keep
mov	store64	copy_dead	keep
mov	store64	to_next	keep
mov	store64	to_jump	keep
mov	store64	a_dead	drop_a
mov	store64	dest_to_mov	keep
mov	store64	copy_into	fold_copy
mov	load64	none	keep
mov	load64	same_slot	keep
mov	load64	same_slot_same_reg	keep
mov	load64	const0	keep
mov	load64	const1	keep
mov	load64	pow2	keep
mov	load64	copy_dead	keep
mov	load64	to_next	keep
mov	load64	to_jump	keep
mov	load64	a_dead	drop_a
mov	load64	dest_to_mov	keep
mov	load64	copy_into	fold_copy
mov	imm	none	keep
mov	imm	same_slot	keep
mov	imm	same_slot_same_reg	keep
mov	imm	const0	keep
mov	imm	const1	keep
mov	imm	pow2	keep
mov	imm	copy_dead	keep
mov	imm	to_next	keep
mov	imm	to_jump	keep
mov	imm	a_dead	drop_a
mov	imm	dest_to_mov	keep
mov	imm	copy_into	fold_copy
mov	mov	none	keep
mov	mov	same_slot	keep
mov	mov	same_slot_same_reg	keep
mov	mov	const0	keep
mov	mov	const1	keep
mov	mov	pow2	keep
mov	mov	copy_dead	keep
mov	mov	to_next	keep
mov	mov	to_jump	keep
mov	mov	a_dead	drop_a
mov	mov	dest_to_mov	retarget_dest
mov	mov	copy_into	fold_copy
mov	jump	none	keep
mov	jump	same_slot	keep
mov	jump	same_slot_same_reg	keep
mov	jump	const0	keep
mov	jump	const1	keep
mov	jump	pow2	keep
mov	jump	copy_dead	keep
mov	jump	to_next	keep
mov	jump	to_jump	keep
mov	jump	a_dead	drop_a
mov	jump	dest_to_mov	keep
mov	jump	copy_into	fold_copy
mov	jumpz	none	keep
mov	jumpz	same_slot	keep
mov	jumpz	same_slot_same_reg	keep
mov	jumpz	const0	keep
mov	jumpz	const1	keep
mov	jumpz	pow2	keep
mov	jumpz	copy_dead	keep
mov	jumpz	to_next	keep
mov	jumpz	to_jump	keep
mov	jumpz	a_dead	drop_a
mov	jumpz	dest_to_mov	keep
mov	jumpz	copy_into	fold_copy
mov	add64	none	keep
mov	add64	same_slot	keep
mov	add64	same_slot_same_reg	keep
mov	add64	const0	keep
mov	add64	const1	keep
mov	add64	pow2	keep
mov	add64	copy_dead	keep
mov	add64	to_next	keep
mov	add64	to_jump	keep
mov	add64	a_dead	drop_a
mov	add64	dest_to_mov	keep
mov	add64	copy_into	fold_copy
mov	sub64	none	keep
mov	sub64	same_slot	keep
mov	sub64	same_slot_same_reg	keep
mov	sub64	const0	keep
mov	sub64	const1	keep
mov	sub64	pow2	keep
mov	sub64	copy_dead	keep
mov	sub64	to_next	keep
mov	sub64	to_jump	keep
mov	sub64	a_dead	drop_a
mov	sub64	dest_to_mov	keep
mov	sub64	copy_into	fold_copy
mov	mul64	none	keep
mov	mul64	same_slot	keep
mov	mul64	same_slot_same_reg	keep
mov	mul64	const0	keep
mov	mul64	const1	keep
mov	mul64	pow2	keep
mov	mul64	copy_dead	keep
mov	mul64	to_next	keep
mov	mul64	to_jump	keep
mov	mul64	a_dead	drop_a
mov	mul64	dest_to_mov	keep
mov	mul64	copy_into	fold_copy
mov	shl64	none	keep
mov	shl64	same_slot	keep
mov	shl64	same_slot_same_reg	keep
mov	shl64	const0	keep
mov	shl64	const1	keep
mov	shl64	pow2	keep
mov	shl64	copy_dead	keep
mov	shl64	to_next	keep
mov	shl64	to_jump	keep
mov	shl64	a_dead	drop_a
mov	shl64	dest_to_mov	keep
mov	shl64	copy_into	fold_copy
mov	shr64	none	keep
mov	shr64	same_slot	keep
mov	shr64	same_slot_same_reg	keep
mov	shr64	const0	keep
mov	shr64	const1	keep
mov	shr64	pow2	keep
mov	shr64	copy_dead	keep
mov	shr64	to_next	keep
mov	shr64	to_jump	keep
mov	shr64	a_dead	drop_a
mov	shr64	dest_to_mov	keep
mov	shr64	copy_into	fold_copy
mov	lshr64	none	keep
mov	lshr64	same_slot	keep
mov	lshr64	same_slot_same_reg	keep
mov	lshr64	const0	keep
mov	lshr64	const1	keep
mov	lshr64	pow2	keep
mov	lshr64	copy_dead	keep
mov	lshr64	to_next	keep
mov	lshr64	to_jump	keep
mov	lshr64	a_dead	drop_a
mov	lshr64	dest_to_mov	keep
mov	lshr64	copy_into	fold_copy
mov	or64	none	keep
mov	or64	same_slot	keep
mov	or64	same_slot_same_reg	keep
mov	or64	const0	keep
mov	or64	const1	keep
mov	or64	pow2	keep
mov	or64	copy_dead	keep
mov	or64	to_next	keep
mov	or64	to_jump	keep
mov	or64	a_dead	drop_a
mov	or64	dest_to_mov	keep
mov	or64	copy_into	fold_copy
mov	xor64	none	keep
mov	xor64	same_slot	keep
mov	xor64	same_slot_same_reg	keep
mov	xor64	const0	keep
mov	xor64	const1	keep
mov	xor64	pow2	keep
mov	xor64	copy_dead	keep
mov	xor64	to_next	keep
mov	xor64	to_jump	keep
mov	xor64	a_dead	drop_a
mov	xor64	dest_to_mov	keep
mov	xor64	copy_into	fold_copy
mov	and64	none	keep
mov	and64	same_slot	keep
mov	and64	same_slot_same_reg	keep
mov	and64	const0	keep
mov	and64	const1	keep
mov	and64	pow2	keep
mov	and64	copy_dead	keep
mov	and64	to_next	keep
mov	and64	to_jump	keep
mov	and64	a_dead	drop_a
mov	and64	dest_to_mov	keep
mov	and64	copy_into	fold_copy
mov	other	none	keep
mov	other	same_slot	keep
mov	other	same_slot_same_reg	keep
mov	other	const0	keep
mov	other	const1	keep
mov	other	pow2	keep
mov	other	copy_dead	keep
mov	other	to_next	keep
mov	other	to_jump	keep
mov	other	a_dead	drop_a
mov	other	dest_to_mov	keep
mov	other	copy_into	fold_copy
mov	none	none	keep
mov	none	same_slot	keep
mov	none	same_slot_same_reg	keep
mov	none	const0	keep
mov	none	const1	keep
mov	none	pow2	keep
mov	none	copy_dead	keep
mov	none	to_next	keep
mov	none	to_jump	keep
mov	none	a_dead	drop_a
mov	none	dest_to_mov	keep
mov	none	copy_into	keep
jump	store64	none	keep
jump	store64	same_slot	keep
jump	store64	same_slot_same_reg	keep
jump	store64	const0	keep
jump	store64	const1	keep
jump	store64	pow2	keep
jump	store64	copy_dead	keep
jump	store64	to_next	drop_a
jump	store64	to_jump	keep
jump	store64	a_dead	keep
jump	store64	dest_to_mov	keep
jump	store64	copy_into	keep
jump	load64	none	keep
jump	load64	same_slot	keep
jump	load64	same_slot_same_reg	keep
jump	load64	const0	keep
jump	load64	const1	keep
jump	load64	pow2	keep
jump	load64	copy_dead	keep
jump	load64	to_next	drop_a
jump	load64	to_jump	keep
jump	load64	a_dead	keep
jump	load64	dest_to_mov	keep
jump	load64	copy_into	keep
jump	imm	none	keep
jump	imm	same_slot	keep
jump	imm	same_slot_same_reg	keep
jump	imm	const0	keep
jump	imm	const1	keep
jump	imm	pow2	keep
jump	imm	copy_dead	keep
jump	imm	to_next	drop_a
jump	imm	to_jump	keep
jump	imm	a_dead	keep
jump	imm	dest_to_mov	keep
jump	imm	copy_into	keep
jump	mov	none	keep
jump	mov	same_slot	keep
jump	mov	same_slot_same_reg	keep
jump	mov	const0	keep
jump	mov	const1	keep
jump	mov	pow2	keep
jump	mov	copy_dead	keep
jump	mov	to_next	drop_a
jump	mov	to_jump	keep
jump	mov	a_dead	keep
jump	mov	dest_to_mov	keep
jump	mov	copy_into	keep
jump	jump	none	keep
jump	jump	same_slot	keep
jump	jump	same_slot_same_reg	keep
jump	jump	const0	keep
jump	jump	const1	keep
jump	jump	pow2	keep
jump	jump	copy_dead	keep
jump	jump	to_next	drop_a
jump	jump	to_jump	retarget
jump	jump	a_dead	keep
jump	jump	dest_to_mov	keep
jump	jump	copy_into	keep
jump	jumpz	none	keep
jump	jumpz	same_slot	keep
jump	jumpz	same_slot_same_reg	keep
jump	jumpz	const0	keep
jump	jumpz	const1	keep
jump	jumpz	pow2	keep
jump	jumpz	copy_dead	keep
jump	jumpz	to_next	drop_a
jump	jumpz	to_jump	keep
jump	jumpz	a_dead	keep
jump	jumpz	dest_to_mov	keep
jump	jumpz	copy_into	keep
jump	add64	none	keep
jump	add64	same_slot	keep
jump	add64	same_slot_same_reg	keep
jump	add64	const0	keep
jump	add64	const1	keep
jump	add64	pow2	keep
jump	add64	copy_dead	keep
jump	add64	to_next	drop_a
jump	add64	to_jump	keep
jump	add64	a_dead	keep
jump	add64	dest_to_mov	keep
jump	add64	copy_into	keep
jump	sub64	none	keep
jump	sub64	same_slot	keep
jump	sub64	same_slot_same_reg	keep
jump	sub64	const0	keep
jump	sub64	const1	keep
jump	sub64	pow2	keep
jump	sub64	copy_dead	keep
jump	sub64	to_next	drop_a
jump	sub64	to_jump	keep
jump	sub64	a_dead	keep
jump	sub64	dest_to_mov	keep
jump	sub64	copy_into	keep
jump	mul64	none	keep
jump	mul64	same_slot	keep
jump	mul64	same_slot_same_reg	keep
jump	mul64	const0	keep
jump	mul64	const1	keep
jump	mul64	pow2	keep
jump	mul64	copy_dead	keep
jump	mul64	to_next	drop_a
jump	mul64	to_jump	keep
jump	mul64	a_dead	keep
jump	mul64	dest_to_mov	keep
jump	mul64	copy_into	keep
jump	shl64	none	keep
jump	shl64	same_slot	keep
jump	shl64	same_slot_same_reg	keep
jump	shl64	const0	keep
jump	shl64	const1	keep
jump	shl64	pow2	keep
jump	shl64	copy_dead	keep
jump	shl64	to_next	drop_a
jump	shl64	to_jump	keep
jump	shl64	a_dead	keep
jump	shl64	dest_to_mov	keep
jump	shl64	copy_into	keep
jump	shr64	none	keep
jump	shr64	same_slot	keep
jump	shr64	same_slot_same_reg	keep
jump	shr64	const0	keep
jump	shr64	const1	keep
jump	shr64	pow2	keep
jump	shr64	copy_dead	keep
jump	shr64	to_next	drop_a
jump	shr64	to_jump	keep
jump	shr64	a_dead	keep
jump	shr64	dest_to_mov	keep
jump	shr64	copy_into	keep
jump	lshr64	none	keep
jump	lshr64	same_slot	keep
jump	lshr64	same_slot_same_reg	keep
jump	lshr64	const0	keep
jump	lshr64	const1	keep
jump	lshr64	pow2	keep
jump	lshr64	copy_dead	keep
jump	lshr64	to_next	drop_a
jump	lshr64	to_jump	keep
jump	lshr64	a_dead	keep
jump	lshr64	dest_to_mov	keep
jump	lshr64	copy_into	keep
jump	or64	none	keep
jump	or64	same_slot	keep
jump	or64	same_slot_same_reg	keep
jump	or64	const0	keep
jump	or64	const1	keep
jump	or64	pow2	keep
jump	or64	copy_dead	keep
jump	or64	to_next	drop_a
jump	or64	to_jump	keep
jump	or64	a_dead	keep
jump	or64	dest_to_mov	keep
jump	or64	copy_into	keep
jump	xor64	none	keep
jump	xor64	same_slot	keep
jump	xor64	same_slot_same_reg	keep
jump	xor64	const0	keep
jump	xor64	const1	keep
jump	xor64	pow2	keep
jump	xor64	copy_dead	keep
jump	xor64	to_next	drop_a
jump	xor64	to_jump	keep
jump	xor64	a_dead	keep
jump	xor64	dest_to_mov	keep
jump	xor64	copy_into	keep
jump	and64	none	keep
jump	and64	same_slot	keep
jump	and64	same_slot_same_reg	keep
jump	and64	const0	keep
jump	and64	const1	keep
jump	and64	pow2	keep
jump	and64	copy_dead	keep
jump	and64	to_next	drop_a
jump	and64	to_jump	keep
jump	and64	a_dead	keep
jump	and64	dest_to_mov	keep
jump	and64	copy_into	keep
jump	other	none	keep
jump	other	same_slot	keep
jump	other	same_slot_same_reg	keep
jump	other	const0	keep
jump	other	const1	keep
jump	other	pow2	keep
jump	other	copy_dead	keep
jump	other	to_next	drop_a
jump	other	to_jump	keep
jump	other	a_dead	keep
jump	other	dest_to_mov	keep
jump	other	copy_into	keep
jump	none	none	keep
jump	none	same_slot	keep
jump	none	same_slot_same_reg	keep
jump	none	const0	keep
jump	none	const1	keep
jump	none	pow2	keep
jump	none	copy_dead	keep
jump	none	to_next	drop_a
jump	none	to_jump	keep
jump	none	a_dead	keep
jump	none	dest_to_mov	keep
jump	none	copy_into	keep
jumpz	store64	none	keep
jumpz	store64	same_slot	keep
jumpz	store64	same_slot_same_reg	keep
jumpz	store64	const0	keep
jumpz	store64	const1	keep
jumpz	store64	pow2	keep
jumpz	store64	copy_dead	keep
jumpz	store64	to_next	drop_a
jumpz	store64	to_jump	keep
jumpz	store64	a_dead	keep
jumpz	store64	dest_to_mov	keep
jumpz	store64	copy_into	keep
jumpz	load64	none	keep
jumpz	load64	same_slot	keep
jumpz	load64	same_slot_same_reg	keep
jumpz	load64	const0	keep
jumpz	load64	const1	keep
jumpz	load64	pow2	keep
jumpz	load64	copy_dead	keep
jumpz	load64	to_next	drop_a
jumpz	load64	to_jump	keep
jumpz	load64	a_dead	keep
jumpz	load64	dest_to_mov	keep
jumpz	load64	copy_into	keep
jumpz	imm	none	keep
jumpz	imm	same_slot	keep
jumpz	imm	same_slot_same_reg	keep
jumpz	imm	const0	keep
jumpz	imm	const1	keep
jumpz	imm	pow2	keep
jumpz	imm	copy_dead	keep
jumpz	imm	to_next	drop_a
jumpz	imm	to_jump	keep
jumpz	imm	a_dead	keep
jumpz	imm	dest_to_mov	keep
jumpz	imm	copy_into	keep
jumpz	mov	none	keep
jumpz	mov	same_slot	keep
jumpz	mov	same_slot_same_reg	keep
jumpz	mov	const0	keep
jumpz	mov	const1	keep
jumpz	mov	pow2	keep
jumpz	mov	copy_dead	keep
jumpz	mov	to_next	drop_a
jumpz	mov	to_jump	keep
jumpz	mov	a_dead	keep
jumpz	mov	dest_to_mov	keep
jumpz	mov	copy_into	keep
jumpz	jump	none	keep
jumpz	jump	same_slot	keep
jumpz	jump	same_slot_same_reg	keep
jumpz	jump	const0	keep
jumpz	jump	const1	keep
jumpz	jump	pow2	keep
jumpz	jump	copy_dead	keep
jumpz	jump	to_next	drop_a
jumpz	jump	to_jump	retarget
jumpz	jump	a_dead	keep
jumpz	jump	dest_to_mov	keep
jumpz	jump	copy_into	keep
jumpz	jumpz	none	keep
jumpz	jumpz	same_slot	keep
jumpz	jumpz	same_slot_same_reg	keep
jumpz	jumpz	const0	keep
jumpz	jumpz	const1	keep
jumpz	jumpz	pow2	keep
jumpz	jumpz	copy_dead	keep
jumpz	jumpz	to_next	drop_a
jumpz	jumpz	to_jump	keep
jumpz	jumpz	a_dead	keep
jumpz	jumpz	dest_to_mov	keep
jumpz	jumpz	copy_into	keep
jumpz	add64	none	keep
jumpz	add64	same_slot	keep
jumpz	add64	same_slot_same_reg	keep
jumpz	add64	const0	keep
jumpz	add64	const1	keep
jumpz	add64	pow2	keep
jumpz	add64	copy_dead	keep
jumpz	add64	to_next	drop_a
jumpz	add64	to_jump	keep
jumpz	add64	a_dead	keep
jumpz	add64	dest_to_mov	keep
jumpz	add64	copy_into	keep
jumpz	sub64	none	keep
jumpz	sub64	same_slot	keep
jumpz	sub64	same_slot_same_reg	keep
jumpz	sub64	const0	keep
jumpz	sub64	const1	keep
jumpz	sub64	pow2	keep
jumpz	sub64	copy_dead	keep
jumpz	sub64	to_next	drop_a
jumpz	sub64	to_jump	keep
jumpz	sub64	a_dead	keep
jumpz	sub64	dest_to_mov	keep
jumpz	sub64	copy_into	keep
jumpz	mul64	none	keep
jumpz	mul64	same_slot	keep
jumpz	mul64	same_slot_same_reg	keep
jumpz	mul64	const0	keep
jumpz	mul64	const1	keep
jumpz	mul64	pow2	keep
jumpz	mul64	copy_dead	keep
jumpz	mul64	to_next	drop_a
jumpz	mul64	to_jump	keep
jumpz	mul64	a_dead	keep
jumpz	mul64	dest_to_mov	keep
jumpz	mul64	copy_into	keep
jumpz	shl64	none	keep
jumpz	shl64	same_slot	keep
jumpz	shl64	same_slot_same_reg	keep
jumpz	shl64	const0	keep
jumpz	shl64	const1	keep
jumpz	shl64	pow2	keep
jumpz	shl64	copy_dead	keep
jumpz	shl64	to_next	drop_a
jumpz	shl64	to_jump	keep
jumpz	shl64	a_dead	keep
jumpz	shl64	dest_to_mov	keep
jumpz	shl64	copy_into	keep
jumpz	shr64	none	keep
jumpz	shr64	same_slot	keep
jumpz	shr64	same_slot_same_reg	keep
jumpz	shr64	const0	keep
jumpz	shr64	const1	keep
jumpz	shr64	pow2	keep
jumpz	shr64	copy_dead	keep
jumpz	shr64	to_next	drop_a
jumpz	shr64	to_jump	keep
jumpz	shr64	a_dead	keep
jumpz	shr64	dest_to_mov	keep
jumpz	shr64	copy_into	keep
jumpz	lshr64	none	keep
jumpz	lshr64	same_slot	keep
jumpz	lshr64	same_slot_same_reg	keep
jumpz	lshr64	const0	keep
jumpz	lshr64	const1	keep
jumpz	lshr64	pow2	keep
jumpz	lshr64	copy_dead	keep
jumpz	lshr64	to_next	drop_a
jumpz	lshr64	to_jump	keep
jumpz	lshr64	a_dead	keep
jumpz	lshr64	dest_to_mov	keep
jumpz	lshr64	copy_into	keep
jumpz	or64	none	keep
jumpz	or64	same_slot	keep
jumpz	or64	same_slot_same_reg	keep
jumpz	or64	const0	keep
jumpz	or64	const1	keep
jumpz	or64	pow2	keep
jumpz	or64	copy_dead	keep
jumpz	or64	to_next	drop_a
jumpz	or64	to_jump	keep
jumpz	or64	a_dead	keep
jumpz	or64	dest_to_mov	keep
jumpz	or64	copy_into	keep
jumpz	xor64	none	keep
jumpz	xor64	same_slot	keep
jumpz	xor64	same_slot_same_reg	keep
jumpz	xor64	const0	keep
jumpz	xor64	const1	keep
jumpz	xor64	pow2	keep
jumpz	xor64	copy_dead	keep
jumpz	xor64	to_next	drop_a
jumpz	xor64	to_jump	keep
jumpz	xor64	a_dead	keep
jumpz	xor64	dest_to_mov	keep
jumpz	xor64	copy_into	keep
jumpz	and64	none	keep
jumpz	and64	same_slot	keep
jumpz	and64	same_slot_same_reg	keep
jumpz	and64	const0	keep
jumpz	and64	const1	keep
jumpz	and64	pow2	keep
jumpz	and64	copy_dead	keep
jumpz	and64	to_next	drop_a
jumpz	and64	to_jump	keep
jumpz	and64	a_dead	keep
jumpz	and64	dest_to_mov	keep
jumpz	and64	copy_into	keep
jumpz	other	none	keep
jumpz	other	same_slot	keep
jumpz	other	same_slot_same_reg	keep
jumpz	other	const0	keep
jumpz	other	const1	keep
jumpz	other	pow2	keep
jumpz	other	copy_dead	keep
jumpz	other	to_next	drop_a
jumpz	other	to_jump	keep
jumpz	other	a_dead	keep
jumpz	other	dest_to_mov	keep
jumpz	other	copy_into	keep
jumpz	none	none	keep
jumpz	none	same_slot	keep
jumpz	none	same_slot_same_reg	keep
jumpz	none	const0	keep
jumpz	none	const1	keep
jumpz	none	pow2	keep
jumpz	none	copy_dead	keep
jumpz	none	to_next	drop_a
jumpz	none	to_jump	keep
jumpz	none	a_dead	keep
jumpz	none	dest_to_mov	keep
jumpz	none	copy_into	keep
alu	store64	none	keep
alu	store64	same_slot	keep
alu	store64	same_slot_same_reg	keep
alu	store64	const0	keep
alu	store64	const1	keep
alu	store64	pow2	keep
alu	store64	copy_dead	keep
alu	store64	to_next	keep
alu	store64	to_jump	keep
alu	store64	a_dead	drop_a
alu	store64	dest_to_mov	keep
alu	store64	copy_into	keep
alu	load64	none	keep
alu	load64	same_slot	keep
alu	load64	same_slot_same_reg	keep
alu	load64	const0	keep
alu	load64	const1	keep
alu	load64	pow2	keep
alu	load64	copy_dead	keep
alu	load64	to_next	keep
alu	load64	to_jump	keep
alu	load64	a_dead	drop_a
alu	load64	dest_to_mov	keep
alu	load64	copy_into	keep
alu	imm	none	keep
alu	imm	same_slot	keep
alu	imm	same_slot_same_reg	keep
alu	imm	const0	keep
alu	imm	const1	keep
alu	imm	pow2	keep
alu	imm	copy_dead	keep
alu	imm	to_next	keep
alu	imm	to_jump	keep
alu	imm	a_dead	drop_a
alu	imm	dest_to_mov	keep
alu	imm	copy_into	keep
alu	mov	none	keep
alu	mov	same_slot	keep
alu	mov	same_slot_same_reg	keep
alu	mov	const0	keep
alu	mov	const1	keep
alu	mov	pow2	keep
alu	mov	copy_dead	keep
alu	mov	to_next	keep
alu	mov	to_jump	keep
alu	mov	a_dead	drop_a
alu	mov	dest_to_mov	retarget_dest
alu	mov	copy_into	keep
alu	jump	none	keep
alu	jump	same_slot	keep
alu	jump	same_slot_same_reg	keep
alu	jump	const0	keep
alu	jump	const1	keep
alu	jump	pow2	keep
alu	jump	copy_dead	keep
alu	jump	to_next	keep
alu	jump	to_jump	keep
alu	jump	a_dead	drop_a
alu	jump	dest_to_mov	keep
alu	jump	copy_into	keep
alu	jumpz	none	keep
alu	jumpz	same_slot	keep
alu	jumpz	same_slot_same_reg	keep
alu	jumpz	const0	keep
alu	jumpz	const1	keep
alu	jumpz	pow2	keep
alu	jumpz	copy_dead	keep
alu	jumpz	to_next	keep
alu	jumpz	to_jump	keep
alu	jumpz	a_dead	drop_a
alu	jumpz	dest_to_mov	keep
alu	jumpz	copy_into	keep
alu	add64	none	keep
alu	add64	same_slot	keep
alu	add64	same_slot_same_reg	keep
alu	add64	const0	keep
alu	add64	const1	keep
alu	add64	pow2	keep
alu	add64	copy_dead	keep
alu	add64	to_next	keep
alu	add64	to_jump	keep
alu	add64	a_dead	drop_a
alu	add64	dest_to_mov	keep
alu	add64	copy_into	keep
alu	sub64	none	keep
alu	sub64	same_slot	keep
alu	sub64	same_slot_same_reg	keep
alu	sub64	const0	keep
alu	sub64	const1	keep
alu	sub64	pow2	keep
alu	sub64	copy_dead	keep
alu	sub64	to_next	keep
alu	sub64	to_jump	keep
alu	sub64	a_dead	drop_a
alu	sub64	dest_to_mov	keep
alu	sub64	copy_into	keep
alu	mul64	none	keep
alu	mul64	same_slot	keep
alu	mul64	same_slot_same_reg	keep
alu	mul64	const0	keep
alu	mul64	const1	keep
alu	mul64	pow2	keep
alu	mul64	copy_dead	keep
alu	mul64	to_next	keep
alu	mul64	to_jump	keep
alu	mul64	a_dead	drop_a
alu	mul64	dest_to_mov	keep
alu	mul64	copy_into	keep
alu	shl64	none	keep
alu	shl64	same_slot	keep
alu	shl64	same_slot_same_reg	keep
alu	shl64	const0	keep
alu	shl64	const1	keep
alu	shl64	pow2	keep
alu	shl64	copy_dead	keep
alu	shl64	to_next	keep
alu	shl64	to_jump	keep
alu	shl64	a_dead	drop_a
alu	shl64	dest_to_mov	keep
alu	shl64	copy_into	keep
alu	shr64	none	keep
alu	shr64	same_slot	keep
alu	shr64	same_slot_same_reg	keep
alu	shr64	const0	keep
alu	shr64	const1	keep
alu	shr64	pow2	keep
alu	shr64	copy_dead	keep
alu	shr64	to_next	keep
alu	shr64	to_jump	keep
alu	shr64	a_dead	drop_a
alu	shr64	dest_to_mov	keep
alu	shr64	copy_into	keep
alu	lshr64	none	keep
alu	lshr64	same_slot	keep
alu	lshr64	same_slot_same_reg	keep
alu	lshr64	const0	keep
alu	lshr64	const1	keep
alu	lshr64	pow2	keep
alu	lshr64	copy_dead	keep
alu	lshr64	to_next	keep
alu	lshr64	to_jump	keep
alu	lshr64	a_dead	drop_a
alu	lshr64	dest_to_mov	keep
alu	lshr64	copy_into	keep
alu	or64	none	keep
alu	or64	same_slot	keep
alu	or64	same_slot_same_reg	keep
alu	or64	const0	keep
alu	or64	const1	keep
alu	or64	pow2	keep
alu	or64	copy_dead	keep
alu	or64	to_next	keep
alu	or64	to_jump	keep
alu	or64	a_dead	drop_a
alu	or64	dest_to_mov	keep
alu	or64	copy_into	keep
alu	xor64	none	keep
alu	xor64	same_slot	keep
alu	xor64	same_slot_same_reg	keep
alu	xor64	const0	keep
alu	xor64	const1	keep
alu	xor64	pow2	keep
alu	xor64	copy_dead	keep
alu	xor64	to_next	keep
alu	xor64	to_jump	keep
alu	xor64	a_dead	drop_a
alu	xor64	dest_to_mov	keep
alu	xor64	copy_into	keep
alu	and64	none	keep
alu	and64	same_slot	keep
alu	and64	same_slot_same_reg	keep
alu	and64	const0	keep
alu	and64	const1	keep
alu	and64	pow2	keep
alu	and64	copy_dead	keep
alu	and64	to_next	keep
alu	and64	to_jump	keep
alu	and64	a_dead	drop_a
alu	and64	dest_to_mov	keep
alu	and64	copy_into	keep
alu	other	none	keep
alu	other	same_slot	keep
alu	other	same_slot_same_reg	keep
alu	other	const0	keep
alu	other	const1	keep
alu	other	pow2	keep
alu	other	copy_dead	keep
alu	other	to_next	keep
alu	other	to_jump	keep
alu	other	a_dead	drop_a
alu	other	dest_to_mov	keep
alu	other	copy_into	keep
alu	none	none	keep
alu	none	same_slot	keep
alu	none	same_slot_same_reg	keep
alu	none	const0	keep
alu	none	const1	keep
alu	none	pow2	keep
alu	none	copy_dead	keep
alu	none	to_next	keep
alu	none	to_jump	keep
alu	none	a_dead	drop_a
alu	none	dest_to_mov	keep
alu	none	copy_into	keep
other	store64	none	keep
other	store64	same_slot	keep
other	store64	same_slot_same_reg	keep
other	store64	const0	keep
other	store64	const1	keep
other	store64	pow2	keep
other	store64	copy_dead	keep
other	store64	to_next	keep
other	store64	to_jump	keep
other	store64	a_dead	keep
other	store64	dest_to_mov	keep
other	store64	copy_into	keep
other	load64	none	keep
other	load64	same_slot	keep
other	load64	same_slot_same_reg	keep
other	load64	const0	keep
other	load64	const1	keep
other	load64	pow2	keep
other	load64	copy_dead	keep
other	load64	to_next	keep
other	load64	to_jump	keep
other	load64	a_dead	keep
other	load64	dest_to_mov	keep
other	load64	copy_into	keep
other	imm	none	keep
other	imm	same_slot	keep
other	imm	same_slot_same_reg	keep
other	imm	const0	keep
other	imm	const1	keep
other	imm	pow2	keep
other	imm	copy_dead	keep
other	imm	to_next	keep
other	imm	to_jump	keep
other	imm	a_dead	keep
other	imm	dest_to_mov	keep
other	imm	copy_into	keep
other	mov	none	keep
other	mov	same_slot	keep
other	mov	same_slot_same_reg	keep
other	mov	const0	keep
other	mov	const1	keep
other	mov	pow2	keep
other	mov	copy_dead	keep
other	mov	to_next	keep
other	mov	to_jump	keep
other	mov	a_dead	keep
other	mov	dest_to_mov	retarget_dest
other	mov	copy_into	keep
other	jump	none	keep
other	jump	same_slot	keep
other	jump	same_slot_same_reg	keep
other	jump	const0	keep
other	jump	const1	keep
other	jump	pow2	keep
other	jump	copy_dead	keep
other	jump	to_next	keep
other	jump	to_jump	keep
other	jump	a_dead	keep
other	jump	dest_to_mov	keep
other	jump	copy_into	keep
other	jumpz	none	keep
other	jumpz	same_slot	keep
other	jumpz	same_slot_same_reg	keep
other	jumpz	const0	keep
other	jumpz	const1	keep
other	jumpz	pow2	keep
other	jumpz	copy_dead	keep
other	jumpz	to_next	keep
other	jumpz	to_jump	keep
other	jumpz	a_dead	keep
other	jumpz	dest_to_mov	keep
other	jumpz	copy_into	keep
other	add64	none	keep
other	add64	same_slot	keep
other	add64	same_slot_same_reg	keep
other	add64	const0	keep
other	add64	const1	keep
other	add64	pow2	keep
other	add64	copy_dead	keep
other	add64	to_next	keep
other	add64	to_jump	keep
other	add64	a_dead	keep
other	add64	dest_to_mov	keep
other	add64	copy_into	keep
other	sub64	none	keep
other	sub64	same_slot	keep
other	sub64	same_slot_same_reg	keep
other	sub64	const0	keep
other	sub64	const1	keep
other	sub64	pow2	keep
other	sub64	copy_dead	keep
other	sub64	to_next	keep
other	sub64	to_jump	keep
other	sub64	a_dead	keep
other	sub64	dest_to_mov	keep
other	sub64	copy_into	keep
other	mul64	none	keep
other	mul64	same_slot	keep
other	mul64	same_slot_same_reg	keep
other	mul64	const0	keep
other	mul64	const1	keep
other	mul64	pow2	keep
other	mul64	copy_dead	keep
other	mul64	to_next	keep
other	mul64	to_jump	keep
other	mul64	a_dead	keep
other	mul64	dest_to_mov	keep
other	mul64	copy_into	keep
other	shl64	none	keep
other	shl64	same_slot	keep
other	shl64	same_slot_same_reg	keep
other	shl64	const0	keep
other	shl64	const1	keep
other	shl64	pow2	keep
other	shl64	copy_dead	keep
other	shl64	to_next	keep
other	shl64	to_jump	keep
other	shl64	a_dead	keep
other	shl64	dest_to_mov	keep
other	shl64	copy_into	keep
other	shr64	none	keep
other	shr64	same_slot	keep
other	shr64	same_slot_same_reg	keep
other	shr64	const0	keep
other	shr64	const1	keep
other	shr64	pow2	keep
other	shr64	copy_dead	keep
other	shr64	to_next	keep
other	shr64	to_jump	keep
other	shr64	a_dead	keep
other	shr64	dest_to_mov	keep
other	shr64	copy_into	keep
other	lshr64	none	keep
other	lshr64	same_slot	keep
other	lshr64	same_slot_same_reg	keep
other	lshr64	const0	keep
other	lshr64	const1	keep
other	lshr64	pow2	keep
other	lshr64	copy_dead	keep
other	lshr64	to_next	keep
other	lshr64	to_jump	keep
other	lshr64	a_dead	keep
other	lshr64	dest_to_mov	keep
other	lshr64	copy_into	keep
other	or64	none	keep
other	or64	same_slot	keep
other	or64	same_slot_same_reg	keep
other	or64	const0	keep
other	or64	const1	keep
other	or64	pow2	keep
other	or64	copy_dead	keep
other	or64	to_next	keep
other	or64	to_jump	keep
other	or64	a_dead	keep
other	or64	dest_to_mov	keep
other	or64	copy_into	keep
other	xor64	none	keep
other	xor64	same_slot	keep
other	xor64	same_slot_same_reg	keep
other	xor64	const0	keep
other	xor64	const1	keep
other	xor64	pow2	keep
other	xor64	copy_dead	keep
other	xor64	to_next	keep
other	xor64	to_jump	keep
other	xor64	a_dead	keep
other	xor64	dest_to_mov	keep
other	xor64	copy_into	keep
other	and64	none	keep
other	and64	same_slot	keep
other	and64	same_slot_same_reg	keep
other	and64	const0	keep
other	and64	const1	keep
other	and64	pow2	keep
other	and64	copy_dead	keep
other	and64	to_next	keep
other	and64	to_jump	keep
other	and64	a_dead	keep
other	and64	dest_to_mov	keep
other	and64	copy_into	keep
other	other	none	keep
other	other	same_slot	keep
other	other	same_slot_same_reg	keep
other	other	const0	keep
other	other	const1	keep
other	other	pow2	keep
other	other	copy_dead	keep
other	other	to_next	keep
other	other	to_jump	keep
other	other	a_dead	keep
other	other	dest_to_mov	keep
other	other	copy_into	keep
other	none	none	keep
other	none	same_slot	keep
other	none	same_slot_same_reg	keep
other	none	const0	keep
other	none	const1	keep
other	none	pow2	keep
other	none	copy_dead	keep
other	none	to_next	keep
other	none	to_jump	keep
other	none	a_dead	keep
other	none	dest_to_mov	keep
other	none	copy_into	keep
