# stage type: 4275 keys, generated by `python3 -m unisa gold-export` from unisa/gold.py -- do not edit
t1	op	t2	=> y
void	+	void	illegal
void	+	i8	illegal
void	+	i16	illegal
void	+	i32	illegal
void	+	i64	illegal
void	+	u8	illegal
void	+	u16	illegal
void	+	u32	illegal
void	+	u64	illegal
void	+	ptr	illegal
void	+	arr	illegal
void	+	struct	illegal
void	+	fn	illegal
void	+	f32	illegal
void	+	f64	illegal
void	-	void	illegal
void	-	i8	illegal
void	-	i16	illegal
void	-	i32	illegal
void	-	i64	illegal
void	-	u8	illegal
void	-	u16	illegal
void	-	u32	illegal
void	-	u64	illegal
void	-	ptr	illegal
void	-	arr	illegal
void	-	struct	illegal
void	-	fn	illegal
void	-	f32	illegal
void	-	f64	illegal
void	*	void	illegal
void	*	i8	illegal
void	*	i16	illegal
void	*	i32	illegal
void	*	i64	illegal
void	*	u8	illegal
void	*	u16	illegal
void	*	u32	illegal
void	*	u64	illegal
void	*	ptr	illegal
void	*	arr	illegal
void	*	struct	illegal
void	*	fn	illegal
void	*	f32	illegal
void	*	f64	illegal
void	/	void	illegal
void	/	i8	illegal
void	/	i16	illegal
void	/	i32	illegal
void	/	i64	illegal
void	/	u8	illegal
void	/	u16	illegal
void	/	u32	illegal
void	/	u64	illegal
void	/	ptr	illegal
void	/	arr	illegal
void	/	struct	illegal
void	/	fn	illegal
void	/	f32	illegal
void	/	f64	illegal
void	%	void	illegal
void	%	i8	illegal
void	%	i16	illegal
void	%	i32	illegal
void	%	i64	illegal
void	%	u8	illegal
void	%	u16	illegal
void	%	u32	illegal
void	%	u64	illegal
void	%	ptr	illegal
void	%	arr	illegal
void	%	struct	illegal
void	%	fn	illegal
void	%	f32	illegal
void	%	f64	illegal
void	<	void	i32
void	<	i8	i32
void	<	i16	i32
void	<	i32	i32
void	<	i64	i32
void	<	u8	i32
void	<	u16	i32
void	<	u32	i32
void	<	u64	i32
void	<	ptr	i32
void	<	arr	i32
void	<	struct	i32
void	<	fn	i32
void	<	f32	illegal
void	<	f64	illegal
void	==	void	i32
void	==	i8	i32
void	==	i16	i32
void	==	i32	i32
void	==	i64	i32
void	==	u8	i32
void	==	u16	i32
void	==	u32	i32
void	==	u64	i32
void	==	ptr	i32
void	==	arr	i32
void	==	struct	i32
void	==	fn	i32
void	==	f32	illegal
void	==	f64	illegal
void	=	void	void
void	=	i8	void
void	=	i16	void
void	=	i32	void
void	=	i64	void
void	=	u8	void
void	=	u16	void
void	=	u32	void
void	=	u64	void
void	=	ptr	void
void	=	arr	void
void	=	struct	void
void	=	fn	void
void	=	f32	void
void	=	f64	void
void	&	void	illegal
void	&	i8	illegal
void	&	i16	illegal
void	&	i32	illegal
void	&	i64	illegal
void	&	u8	illegal
void	&	u16	illegal
void	&	u32	illegal
void	&	u64	illegal
void	&	ptr	illegal
void	&	arr	illegal
void	&	struct	illegal
void	&	fn	illegal
void	&	f32	illegal
void	&	f64	illegal
void	[]	void	illegal
void	[]	i8	illegal
void	[]	i16	illegal
void	[]	i32	illegal
void	[]	i64	illegal
void	[]	u8	illegal
void	[]	u16	illegal
void	[]	u32	illegal
void	[]	u64	illegal
void	[]	ptr	illegal
void	[]	arr	illegal
void	[]	struct	illegal
void	[]	fn	illegal
void	[]	f32	illegal
void	[]	f64	illegal
void	.	void	illegal
void	.	i8	illegal
void	.	i16	illegal
void	.	i32	illegal
void	.	i64	illegal
void	.	u8	illegal
void	.	u16	illegal
void	.	u32	illegal
void	.	u64	illegal
void	.	ptr	illegal
void	.	arr	illegal
void	.	struct	illegal
void	.	fn	illegal
void	.	f32	illegal
void	.	f64	illegal
void	call	void	illegal
void	call	i8	illegal
void	call	i16	illegal
void	call	i32	illegal
void	call	i64	illegal
void	call	u8	illegal
void	call	u16	illegal
void	call	u32	illegal
void	call	u64	illegal
void	call	ptr	illegal
void	call	arr	illegal
void	call	struct	illegal
void	call	fn	illegal
void	call	f32	illegal
void	call	f64	illegal
void	sizeof	void	i64
void	sizeof	i8	i64
void	sizeof	i16	i64
void	sizeof	i32	i64
void	sizeof	i64	i64
void	sizeof	u8	i64
void	sizeof	u16	i64
void	sizeof	u32	i64
void	sizeof	u64	i64
void	sizeof	ptr	i64
void	sizeof	arr	i64
void	sizeof	struct	i64
void	sizeof	fn	i64
void	sizeof	f32	i64
void	sizeof	f64	i64
void	,	void	void
void	,	i8	i8
void	,	i16	i16
void	,	i32	i32
void	,	i64	i64
void	,	u8	u8
void	,	u16	u16
void	,	u32	u32
void	,	u64	u64
void	,	ptr	ptr
void	,	arr	arr
void	,	struct	struct
void	,	fn	fn
void	,	f32	f32
void	,	f64	f64
void	un*	void	illegal
void	un*	i8	illegal
void	un*	i16	illegal
void	un*	i32	illegal
void	un*	i64	illegal
void	un*	u8	illegal
void	un*	u16	illegal
void	un*	u32	illegal
void	un*	u64	illegal
void	un*	ptr	illegal
void	un*	arr	illegal
void	un*	struct	illegal
void	un*	fn	illegal
void	un*	f32	illegal
void	un*	f64	illegal
void	|	void	illegal
void	|	i8	illegal
void	|	i16	illegal
void	|	i32	illegal
void	|	i64	illegal
void	|	u8	illegal
void	|	u16	illegal
void	|	u32	illegal
void	|	u64	illegal
void	|	ptr	illegal
void	|	arr	illegal
void	|	struct	illegal
void	|	fn	illegal
void	|	f32	illegal
void	|	f64	illegal
void	^	void	illegal
void	^	i8	illegal
void	^	i16	illegal
void	^	i32	illegal
void	^	i64	illegal
void	^	u8	illegal
void	^	u16	illegal
void	^	u32	illegal
void	^	u64	illegal
void	^	ptr	illegal
void	^	arr	illegal
void	^	struct	illegal
void	^	fn	illegal
void	^	f32	illegal
void	^	f64	illegal
void	<<	void	illegal
void	<<	i8	illegal
void	<<	i16	illegal
void	<<	i32	illegal
void	<<	i64	illegal
void	<<	u8	illegal
void	<<	u16	illegal
void	<<	u32	illegal
void	<<	u64	illegal
void	<<	ptr	illegal
void	<<	arr	illegal
void	<<	struct	illegal
void	<<	fn	illegal
void	<<	f32	illegal
void	<<	f64	illegal
void	>>	void	illegal
void	>>	i8	illegal
void	>>	i16	illegal
void	>>	i32	illegal
void	>>	i64	illegal
void	>>	u8	illegal
void	>>	u16	illegal
void	>>	u32	illegal
void	>>	u64	illegal
void	>>	ptr	illegal
void	>>	arr	illegal
void	>>	struct	illegal
void	>>	fn	illegal
void	>>	f32	illegal
void	>>	f64	illegal
i8	+	void	illegal
i8	+	i8	i32
i8	+	i16	i32
i8	+	i32	i32
i8	+	i64	i64
i8	+	u8	i32
i8	+	u16	i32
i8	+	u32	u32
i8	+	u64	u64
i8	+	ptr	ptr
i8	+	arr	ptr
i8	+	struct	illegal
i8	+	fn	illegal
i8	+	f32	f32
i8	+	f64	f64
i8	-	void	illegal
i8	-	i8	i32
i8	-	i16	i32
i8	-	i32	i32
i8	-	i64	i64
i8	-	u8	i32
i8	-	u16	i32
i8	-	u32	u32
i8	-	u64	u64
i8	-	ptr	illegal
i8	-	arr	illegal
i8	-	struct	illegal
i8	-	fn	illegal
i8	-	f32	f32
i8	-	f64	f64
i8	*	void	illegal
i8	*	i8	i32
i8	*	i16	i32
i8	*	i32	i32
i8	*	i64	i64
i8	*	u8	i32
i8	*	u16	i32
i8	*	u32	u32
i8	*	u64	u64
i8	*	ptr	illegal
i8	*	arr	illegal
i8	*	struct	illegal
i8	*	fn	illegal
i8	*	f32	f32
i8	*	f64	f64
i8	/	void	illegal
i8	/	i8	i32
i8	/	i16	i32
i8	/	i32	i32
i8	/	i64	i64
i8	/	u8	i32
i8	/	u16	i32
i8	/	u32	u32
i8	/	u64	u64
i8	/	ptr	illegal
i8	/	arr	illegal
i8	/	struct	illegal
i8	/	fn	illegal
i8	/	f32	f32
i8	/	f64	f64
i8	%	void	illegal
i8	%	i8	i32
i8	%	i16	i32
i8	%	i32	i32
i8	%	i64	i64
i8	%	u8	i32
i8	%	u16	i32
i8	%	u32	u32
i8	%	u64	u64
i8	%	ptr	illegal
i8	%	arr	illegal
i8	%	struct	illegal
i8	%	fn	illegal
i8	%	f32	illegal
i8	%	f64	illegal
i8	<	void	i32
i8	<	i8	i32
i8	<	i16	i32
i8	<	i32	i32
i8	<	i64	i32
i8	<	u8	i32
i8	<	u16	i32
i8	<	u32	i32
i8	<	u64	i32
i8	<	ptr	i32
i8	<	arr	i32
i8	<	struct	i32
i8	<	fn	i32
i8	<	f32	i32
i8	<	f64	i32
i8	==	void	i32
i8	==	i8	i32
i8	==	i16	i32
i8	==	i32	i32
i8	==	i64	i32
i8	==	u8	i32
i8	==	u16	i32
i8	==	u32	i32
i8	==	u64	i32
i8	==	ptr	i32
i8	==	arr	i32
i8	==	struct	i32
i8	==	fn	i32
i8	==	f32	i32
i8	==	f64	i32
i8	=	void	i8
i8	=	i8	i8
i8	=	i16	i8
i8	=	i32	i8
i8	=	i64	i8
i8	=	u8	i8
i8	=	u16	i8
i8	=	u32	i8
i8	=	u64	i8
i8	=	ptr	i8
i8	=	arr	i8
i8	=	struct	i8
i8	=	fn	i8
i8	=	f32	i8
i8	=	f64	i8
i8	&	void	illegal
i8	&	i8	i32
i8	&	i16	i32
i8	&	i32	i32
i8	&	i64	i64
i8	&	u8	i32
i8	&	u16	i32
i8	&	u32	u32
i8	&	u64	u64
i8	&	ptr	illegal
i8	&	arr	illegal
i8	&	struct	illegal
i8	&	fn	illegal
i8	&	f32	illegal
i8	&	f64	illegal
i8	[]	void	illegal
i8	[]	i8	illegal
i8	[]	i16	illegal
i8	[]	i32	illegal
i8	[]	i64	illegal
i8	[]	u8	illegal
i8	[]	u16	illegal
i8	[]	u32	illegal
i8	[]	u64	illegal
i8	[]	ptr	illegal
i8	[]	arr	illegal
i8	[]	struct	illegal
i8	[]	fn	illegal
i8	[]	f32	illegal
i8	[]	f64	illegal
i8	.	void	illegal
i8	.	i8	illegal
i8	.	i16	illegal
i8	.	i32	illegal
i8	.	i64	illegal
i8	.	u8	illegal
i8	.	u16	illegal
i8	.	u32	illegal
i8	.	u64	illegal
i8	.	ptr	illegal
i8	.	arr	illegal
i8	.	struct	illegal
i8	.	fn	illegal
i8	.	f32	illegal
i8	.	f64	illegal
i8	call	void	illegal
i8	call	i8	illegal
i8	call	i16	illegal
i8	call	i32	illegal
i8	call	i64	illegal
i8	call	u8	illegal
i8	call	u16	illegal
i8	call	u32	illegal
i8	call	u64	illegal
i8	call	ptr	illegal
i8	call	arr	illegal
i8	call	struct	illegal
i8	call	fn	illegal
i8	call	f32	illegal
i8	call	f64	illegal
i8	sizeof	void	i64
i8	sizeof	i8	i64
i8	sizeof	i16	i64
i8	sizeof	i32	i64
i8	sizeof	i64	i64
i8	sizeof	u8	i64
i8	sizeof	u16	i64
i8	sizeof	u32	i64
i8	sizeof	u64	i64
i8	sizeof	ptr	i64
i8	sizeof	arr	i64
i8	sizeof	struct	i64
i8	sizeof	fn	i64
i8	sizeof	f32	i64
i8	sizeof	f64	i64
i8	,	void	void
i8	,	i8	i8
i8	,	i16	i16
i8	,	i32	i32
i8	,	i64	i64
i8	,	u8	u8
i8	,	u16	u16
i8	,	u32	u32
i8	,	u64	u64
i8	,	ptr	ptr
i8	,	arr	arr
i8	,	struct	struct
i8	,	fn	fn
i8	,	f32	f32
i8	,	f64	f64
i8	un*	void	illegal
i8	un*	i8	illegal
i8	un*	i16	illegal
i8	un*	i32	illegal
i8	un*	i64	illegal
i8	un*	u8	illegal
i8	un*	u16	illegal
i8	un*	u32	illegal
i8	un*	u64	illegal
i8	un*	ptr	illegal
i8	un*	arr	illegal
i8	un*	struct	illegal
i8	un*	fn	illegal
i8	un*	f32	illegal
i8	un*	f64	illegal
i8	|	void	illegal
i8	|	i8	i32
i8	|	i16	i32
i8	|	i32	i32
i8	|	i64	i64
i8	|	u8	i32
i8	|	u16	i32
i8	|	u32	u32
i8	|	u64	u64
i8	|	ptr	illegal
i8	|	arr	illegal
i8	|	struct	illegal
i8	|	fn	illegal
i8	|	f32	illegal
i8	|	f64	illegal
i8	^	void	illegal
i8	^	i8	i32
i8	^	i16	i32
i8	^	i32	i32
i8	^	i64	i64
i8	^	u8	i32
i8	^	u16	i32
i8	^	u32	u32
i8	^	u64	u64
i8	^	ptr	illegal
i8	^	arr	illegal
i8	^	struct	illegal
i8	^	fn	illegal
i8	^	f32	illegal
i8	^	f64	illegal
i8	<<	void	illegal
i8	<<	i8	i32
i8	<<	i16	i32
i8	<<	i32	i32
i8	<<	i64	i32
i8	<<	u8	i32
i8	<<	u16	i32
i8	<<	u32	i32
i8	<<	u64	i32
i8	<<	ptr	illegal
i8	<<	arr	illegal
i8	<<	struct	illegal
i8	<<	fn	illegal
i8	<<	f32	illegal
i8	<<	f64	illegal
i8	>>	void	illegal
i8	>>	i8	i32
i8	>>	i16	i32
i8	>>	i32	i32
i8	>>	i64	i32
i8	>>	u8	i32
i8	>>	u16	i32
i8	>>	u32	i32
i8	>>	u64	i32
i8	>>	ptr	illegal
i8	>>	arr	illegal
i8	>>	struct	illegal
i8	>>	fn	illegal
i8	>>	f32	illegal
i8	>>	f64	illegal
i16	+	void	illegal
i16	+	i8	i32
i16	+	i16	i32
i16	+	i32	i32
i16	+	i64	i64
i16	+	u8	i32
i16	+	u16	i32
i16	+	u32	u32
i16	+	u64	u64
i16	+	ptr	ptr
i16	+	arr	ptr
i16	+	struct	illegal
i16	+	fn	illegal
i16	+	f32	f32
i16	+	f64	f64
i16	-	void	illegal
i16	-	i8	i32
i16	-	i16	i32
i16	-	i32	i32
i16	-	i64	i64
i16	-	u8	i32
i16	-	u16	i32
i16	-	u32	u32
i16	-	u64	u64
i16	-	ptr	illegal
i16	-	arr	illegal
i16	-	struct	illegal
i16	-	fn	illegal
i16	-	f32	f32
i16	-	f64	f64
i16	*	void	illegal
i16	*	i8	i32
i16	*	i16	i32
i16	*	i32	i32
i16	*	i64	i64
i16	*	u8	i32
i16	*	u16	i32
i16	*	u32	u32
i16	*	u64	u64
i16	*	ptr	illegal
i16	*	arr	illegal
i16	*	struct	illegal
i16	*	fn	illegal
i16	*	f32	f32
i16	*	f64	f64
i16	/	void	illegal
i16	/	i8	i32
i16	/	i16	i32
i16	/	i32	i32
i16	/	i64	i64
i16	/	u8	i32
i16	/	u16	i32
i16	/	u32	u32
i16	/	u64	u64
i16	/	ptr	illegal
i16	/	arr	illegal
i16	/	struct	illegal
i16	/	fn	illegal
i16	/	f32	f32
i16	/	f64	f64
i16	%	void	illegal
i16	%	i8	i32
i16	%	i16	i32
i16	%	i32	i32
i16	%	i64	i64
i16	%	u8	i32
i16	%	u16	i32
i16	%	u32	u32
i16	%	u64	u64
i16	%	ptr	illegal
i16	%	arr	illegal
i16	%	struct	illegal
i16	%	fn	illegal
i16	%	f32	illegal
i16	%	f64	illegal
i16	<	void	i32
i16	<	i8	i32
i16	<	i16	i32
i16	<	i32	i32
i16	<	i64	i32
i16	<	u8	i32
i16	<	u16	i32
i16	<	u32	i32
i16	<	u64	i32
i16	<	ptr	i32
i16	<	arr	i32
i16	<	struct	i32
i16	<	fn	i32
i16	<	f32	i32
i16	<	f64	i32
i16	==	void	i32
i16	==	i8	i32
i16	==	i16	i32
i16	==	i32	i32
i16	==	i64	i32
i16	==	u8	i32
i16	==	u16	i32
i16	==	u32	i32
i16	==	u64	i32
i16	==	ptr	i32
i16	==	arr	i32
i16	==	struct	i32
i16	==	fn	i32
i16	==	f32	i32
i16	==	f64	i32
i16	=	void	i16
i16	=	i8	i16
i16	=	i16	i16
i16	=	i32	i16
i16	=	i64	i16
i16	=	u8	i16
i16	=	u16	i16
i16	=	u32	i16
i16	=	u64	i16
i16	=	ptr	i16
i16	=	arr	i16
i16	=	struct	i16
i16	=	fn	i16
i16	=	f32	i16
i16	=	f64	i16
i16	&	void	illegal
i16	&	i8	i32
i16	&	i16	i32
i16	&	i32	i32
i16	&	i64	i64
i16	&	u8	i32
i16	&	u16	i32
i16	&	u32	u32
i16	&	u64	u64
i16	&	ptr	illegal
i16	&	arr	illegal
i16	&	struct	illegal
i16	&	fn	illegal
i16	&	f32	illegal
i16	&	f64	illegal
i16	[]	void	illegal
i16	[]	i8	illegal
i16	[]	i16	illegal
i16	[]	i32	illegal
i16	[]	i64	illegal
i16	[]	u8	illegal
i16	[]	u16	illegal
i16	[]	u32	illegal
i16	[]	u64	illegal
i16	[]	ptr	illegal
i16	[]	arr	illegal
i16	[]	struct	illegal
i16	[]	fn	illegal
i16	[]	f32	illegal
i16	[]	f64	illegal
i16	.	void	illegal
i16	.	i8	illegal
i16	.	i16	illegal
i16	.	i32	illegal
i16	.	i64	illegal
i16	.	u8	illegal
i16	.	u16	illegal
i16	.	u32	illegal
i16	.	u64	illegal
i16	.	ptr	illegal
i16	.	arr	illegal
i16	.	struct	illegal
i16	.	fn	illegal
i16	.	f32	illegal
i16	.	f64	illegal
i16	call	void	illegal
i16	call	i8	illegal
i16	call	i16	illegal
i16	call	i32	illegal
i16	call	i64	illegal
i16	call	u8	illegal
i16	call	u16	illegal
i16	call	u32	illegal
i16	call	u64	illegal
i16	call	ptr	illegal
i16	call	arr	illegal
i16	call	struct	illegal
i16	call	fn	illegal
i16	call	f32	illegal
i16	call	f64	illegal
i16	sizeof	void	i64
i16	sizeof	i8	i64
i16	sizeof	i16	i64
i16	sizeof	i32	i64
i16	sizeof	i64	i64
i16	sizeof	u8	i64
i16	sizeof	u16	i64
i16	sizeof	u32	i64
i16	sizeof	u64	i64
i16	sizeof	ptr	i64
i16	sizeof	arr	i64
i16	sizeof	struct	i64
i16	sizeof	fn	i64
i16	sizeof	f32	i64
i16	sizeof	f64	i64
i16	,	void	void
i16	,	i8	i8
i16	,	i16	i16
i16	,	i32	i32
i16	,	i64	i64
i16	,	u8	u8
i16	,	u16	u16
i16	,	u32	u32
i16	,	u64	u64
i16	,	ptr	ptr
i16	,	arr	arr
i16	,	struct	struct
i16	,	fn	fn
i16	,	f32	f32
i16	,	f64	f64
i16	un*	void	illegal
i16	un*	i8	illegal
i16	un*	i16	illegal
i16	un*	i32	illegal
i16	un*	i64	illegal
i16	un*	u8	illegal
i16	un*	u16	illegal
i16	un*	u32	illegal
i16	un*	u64	illegal
i16	un*	ptr	illegal
i16	un*	arr	illegal
i16	un*	struct	illegal
i16	un*	fn	illegal
i16	un*	f32	illegal
i16	un*	f64	illegal
i16	|	void	illegal
i16	|	i8	i32
i16	|	i16	i32
i16	|	i32	i32
i16	|	i64	i64
i16	|	u8	i32
i16	|	u16	i32
i16	|	u32	u32
i16	|	u64	u64
i16	|	ptr	illegal
i16	|	arr	illegal
i16	|	struct	illegal
i16	|	fn	illegal
i16	|	f32	illegal
i16	|	f64	illegal
i16	^	void	illegal
i16	^	i8	i32
i16	^	i16	i32
i16	^	i32	i32
i16	^	i64	i64
i16	^	u8	i32
i16	^	u16	i32
i16	^	u32	u32
i16	^	u64	u64
i16	^	ptr	illegal
i16	^	arr	illegal
i16	^	struct	illegal
i16	^	fn	illegal
i16	^	f32	illegal
i16	^	f64	illegal
i16	<<	void	illegal
i16	<<	i8	i32
i16	<<	i16	i32
i16	<<	i32	i32
i16	<<	i64	i32
i16	<<	u8	i32
i16	<<	u16	i32
i16	<<	u32	i32
i16	<<	u64	i32
i16	<<	ptr	illegal
i16	<<	arr	illegal
i16	<<	struct	illegal
i16	<<	fn	illegal
i16	<<	f32	illegal
i16	<<	f64	illegal
i16	>>	void	illegal
i16	>>	i8	i32
i16	>>	i16	i32
i16	>>	i32	i32
i16	>>	i64	i32
i16	>>	u8	i32
i16	>>	u16	i32
i16	>>	u32	i32
i16	>>	u64	i32
i16	>>	ptr	illegal
i16	>>	arr	illegal
i16	>>	struct	illegal
i16	>>	fn	illegal
i16	>>	f32	illegal
i16	>>	f64	illegal
i32	+	void	illegal
i32	+	i8	i32
i32	+	i16	i32
i32	+	i32	i32
i32	+	i64	i64
i32	+	u8	i32
i32	+	u16	i32
i32	+	u32	u32
i32	+	u64	u64
i32	+	ptr	ptr
i32	+	arr	ptr
i32	+	struct	illegal
i32	+	fn	illegal
i32	+	f32	f32
i32	+	f64	f64
i32	-	void	illegal
i32	-	i8	i32
i32	-	i16	i32
i32	-	i32	i32
i32	-	i64	i64
i32	-	u8	i32
i32	-	u16	i32
i32	-	u32	u32
i32	-	u64	u64
i32	-	ptr	illegal
i32	-	arr	illegal
i32	-	struct	illegal
i32	-	fn	illegal
i32	-	f32	f32
i32	-	f64	f64
i32	*	void	illegal
i32	*	i8	i32
i32	*	i16	i32
i32	*	i32	i32
i32	*	i64	i64
i32	*	u8	i32
i32	*	u16	i32
i32	*	u32	u32
i32	*	u64	u64
i32	*	ptr	illegal
i32	*	arr	illegal
i32	*	struct	illegal
i32	*	fn	illegal
i32	*	f32	f32
i32	*	f64	f64
i32	/	void	illegal
i32	/	i8	i32
i32	/	i16	i32
i32	/	i32	i32
i32	/	i64	i64
i32	/	u8	i32
i32	/	u16	i32
i32	/	u32	u32
i32	/	u64	u64
i32	/	ptr	illegal
i32	/	arr	illegal
i32	/	struct	illegal
i32	/	fn	illegal
i32	/	f32	f32
i32	/	f64	f64
i32	%	void	illegal
i32	%	i8	i32
i32	%	i16	i32
i32	%	i32	i32
i32	%	i64	i64
i32	%	u8	i32
i32	%	u16	i32
i32	%	u32	u32
i32	%	u64	u64
i32	%	ptr	illegal
i32	%	arr	illegal
i32	%	struct	illegal
i32	%	fn	illegal
i32	%	f32	illegal
i32	%	f64	illegal
i32	<	void	i32
i32	<	i8	i32
i32	<	i16	i32
i32	<	i32	i32
i32	<	i64	i32
i32	<	u8	i32
i32	<	u16	i32
i32	<	u32	i32
i32	<	u64	i32
i32	<	ptr	i32
i32	<	arr	i32
i32	<	struct	i32
i32	<	fn	i32
i32	<	f32	i32
i32	<	f64	i32
i32	==	void	i32
i32	==	i8	i32
i32	==	i16	i32
i32	==	i32	i32
i32	==	i64	i32
i32	==	u8	i32
i32	==	u16	i32
i32	==	u32	i32
i32	==	u64	i32
i32	==	ptr	i32
i32	==	arr	i32
i32	==	struct	i32
i32	==	fn	i32
i32	==	f32	i32
i32	==	f64	i32
i32	=	void	i32
i32	=	i8	i32
i32	=	i16	i32
i32	=	i32	i32
i32	=	i64	i32
i32	=	u8	i32
i32	=	u16	i32
i32	=	u32	i32
i32	=	u64	i32
i32	=	ptr	i32
i32	=	arr	i32
i32	=	struct	i32
i32	=	fn	i32
i32	=	f32	i32
i32	=	f64	i32
i32	&	void	illegal
i32	&	i8	i32
i32	&	i16	i32
i32	&	i32	i32
i32	&	i64	i64
i32	&	u8	i32
i32	&	u16	i32
i32	&	u32	u32
i32	&	u64	u64
i32	&	ptr	illegal
i32	&	arr	illegal
i32	&	struct	illegal
i32	&	fn	illegal
i32	&	f32	illegal
i32	&	f64	illegal
i32	[]	void	illegal
i32	[]	i8	illegal
i32	[]	i16	illegal
i32	[]	i32	illegal
i32	[]	i64	illegal
i32	[]	u8	illegal
i32	[]	u16	illegal
i32	[]	u32	illegal
i32	[]	u64	illegal
i32	[]	ptr	illegal
i32	[]	arr	illegal
i32	[]	struct	illegal
i32	[]	fn	illegal
i32	[]	f32	illegal
i32	[]	f64	illegal
i32	.	void	illegal
i32	.	i8	illegal
i32	.	i16	illegal
i32	.	i32	illegal
i32	.	i64	illegal
i32	.	u8	illegal
i32	.	u16	illegal
i32	.	u32	illegal
i32	.	u64	illegal
i32	.	ptr	illegal
i32	.	arr	illegal
i32	.	struct	illegal
i32	.	fn	illegal
i32	.	f32	illegal
i32	.	f64	illegal
i32	call	void	illegal
i32	call	i8	illegal
i32	call	i16	illegal
i32	call	i32	illegal
i32	call	i64	illegal
i32	call	u8	illegal
i32	call	u16	illegal
i32	call	u32	illegal
i32	call	u64	illegal
i32	call	ptr	illegal
i32	call	arr	illegal
i32	call	struct	illegal
i32	call	fn	illegal
i32	call	f32	illegal
i32	call	f64	illegal
i32	sizeof	void	i64
i32	sizeof	i8	i64
i32	sizeof	i16	i64
i32	sizeof	i32	i64
i32	sizeof	i64	i64
i32	sizeof	u8	i64
i32	sizeof	u16	i64
i32	sizeof	u32	i64
i32	sizeof	u64	i64
i32	sizeof	ptr	i64
i32	sizeof	arr	i64
i32	sizeof	struct	i64
i32	sizeof	fn	i64
i32	sizeof	f32	i64
i32	sizeof	f64	i64
i32	,	void	void
i32	,	i8	i8
i32	,	i16	i16
i32	,	i32	i32
i32	,	i64	i64
i32	,	u8	u8
i32	,	u16	u16
i32	,	u32	u32
i32	,	u64	u64
i32	,	ptr	ptr
i32	,	arr	arr
i32	,	struct	struct
i32	,	fn	fn
i32	,	f32	f32
i32	,	f64	f64
i32	un*	void	illegal
i32	un*	i8	illegal
i32	un*	i16	illegal
i32	un*	i32	illegal
i32	un*	i64	illegal
i32	un*	u8	illegal
i32	un*	u16	illegal
i32	un*	u32	illegal
i32	un*	u64	illegal
i32	un*	ptr	illegal
i32	un*	arr	illegal
i32	un*	struct	illegal
i32	un*	fn	illegal
i32	un*	f32	illegal
i32	un*	f64	illegal
i32	|	void	illegal
i32	|	i8	i32
i32	|	i16	i32
i32	|	i32	i32
i32	|	i64	i64
i32	|	u8	i32
i32	|	u16	i32
i32	|	u32	u32
i32	|	u64	u64
i32	|	ptr	illegal
i32	|	arr	illegal
i32	|	struct	illegal
i32	|	fn	illegal
i32	|	f32	illegal
i32	|	f64	illegal
i32	^	void	illegal
i32	^	i8	i32
i32	^	i16	i32
i32	^	i32	i32
i32	^	i64	i64
i32	^	u8	i32
i32	^	u16	i32
i32	^	u32	u32
i32	^	u64	u64
i32	^	ptr	illegal
i32	^	arr	illegal
i32	^	struct	illegal
i32	^	fn	illegal
i32	^	f32	illegal
i32	^	f64	illegal
i32	<<	void	illegal
i32	<<	i8	i32
i32	<<	i16	i32
i32	<<	i32	i32
i32	<<	i64	i32
i32	<<	u8	i32
i32	<<	u16	i32
i32	<<	u32	i32
i32	<<	u64	i32
i32	<<	ptr	illegal
i32	<<	arr	illegal
i32	<<	struct	illegal
i32	<<	fn	illegal
i32	<<	f32	illegal
i32	<<	f64	illegal
i32	>>	void	illegal
i32	>>	i8	i32
i32	>>	i16	i32
i32	>>	i32	i32
i32	>>	i64	i32
i32	>>	u8	i32
i32	>>	u16	i32
i32	>>	u32	i32
i32	>>	u64	i32
i32	>>	ptr	illegal
i32	>>	arr	illegal
i32	>>	struct	illegal
i32	>>	fn	illegal
i32	>>	f32	illegal
i32	>>	f64	illegal
i64	+	void	illegal
i64	+	i8	i64
i64	+	i16	i64
i64	+	i32	i64
i64	+	i64	i64
i64	+	u8	i64
i64	+	u16	i64
i64	+	u32	i64
i64	+	u64	u64
i64	+	ptr	ptr
i64	+	arr	ptr
i64	+	struct	illegal
i64	+	fn	illegal
i64	+	f32	f32
i64	+	f64	f64
i64	-	void	illegal
i64	-	i8	i64
i64	-	i16	i64
i64	-	i32	i64
i64	-	i64	i64
i64	-	u8	i64
i64	-	u16	i64
i64	-	u32	i64
i64	-	u64	u64
i64	-	ptr	illegal
i64	-	arr	illegal
i64	-	struct	illegal
i64	-	fn	illegal
i64	-	f32	f32
i64	-	f64	f64
i64	*	void	illegal
i64	*	i8	i64
i64	*	i16	i64
i64	*	i32	i64
i64	*	i64	i64
i64	*	u8	i64
i64	*	u16	i64
i64	*	u32	i64
i64	*	u64	u64
i64	*	ptr	illegal
i64	*	arr	illegal
i64	*	struct	illegal
i64	*	fn	illegal
i64	*	f32	f32
i64	*	f64	f64
i64	/	void	illegal
i64	/	i8	i64
i64	/	i16	i64
i64	/	i32	i64
i64	/	i64	i64
i64	/	u8	i64
i64	/	u16	i64
i64	/	u32	i64
i64	/	u64	u64
i64	/	ptr	illegal
i64	/	arr	illegal
i64	/	struct	illegal
i64	/	fn	illegal
i64	/	f32	f32
i64	/	f64	f64
i64	%	void	illegal
i64	%	i8	i64
i64	%	i16	i64
i64	%	i32	i64
i64	%	i64	i64
i64	%	u8	i64
i64	%	u16	i64
i64	%	u32	i64
i64	%	u64	u64
i64	%	ptr	illegal
i64	%	arr	illegal
i64	%	struct	illegal
i64	%	fn	illegal
i64	%	f32	illegal
i64	%	f64	illegal
i64	<	void	i32
i64	<	i8	i32
i64	<	i16	i32
i64	<	i32	i32
i64	<	i64	i32
i64	<	u8	i32
i64	<	u16	i32
i64	<	u32	i32
i64	<	u64	i32
i64	<	ptr	i32
i64	<	arr	i32
i64	<	struct	i32
i64	<	fn	i32
i64	<	f32	i32
i64	<	f64	i32
i64	==	void	i32
i64	==	i8	i32
i64	==	i16	i32
i64	==	i32	i32
i64	==	i64	i32
i64	==	u8	i32
i64	==	u16	i32
i64	==	u32	i32
i64	==	u64	i32
i64	==	ptr	i32
i64	==	arr	i32
i64	==	struct	i32
i64	==	fn	i32
i64	==	f32	i32
i64	==	f64	i32
i64	=	void	i64
i64	=	i8	i64
i64	=	i16	i64
i64	=	i32	i64
i64	=	i64	i64
i64	=	u8	i64
i64	=	u16	i64
i64	=	u32	i64
i64	=	u64	i64
i64	=	ptr	i64
i64	=	arr	i64
i64	=	struct	i64
i64	=	fn	i64
i64	=	f32	i64
i64	=	f64	i64
i64	&	void	illegal
i64	&	i8	i64
i64	&	i16	i64
i64	&	i32	i64
i64	&	i64	ptr
i64	&	u8	i64
i64	&	u16	i64
i64	&	u32	i64
i64	&	u64	u64
i64	&	ptr	illegal
i64	&	arr	illegal
i64	&	struct	illegal
i64	&	fn	illegal
i64	&	f32	illegal
i64	&	f64	illegal
i64	[]	void	illegal
i64	[]	i8	illegal
i64	[]	i16	illegal
i64	[]	i32	illegal
i64	[]	i64	illegal
i64	[]	u8	illegal
i64	[]	u16	illegal
i64	[]	u32	illegal
i64	[]	u64	illegal
i64	[]	ptr	illegal
i64	[]	arr	illegal
i64	[]	struct	illegal
i64	[]	fn	illegal
i64	[]	f32	illegal
i64	[]	f64	illegal
i64	.	void	illegal
i64	.	i8	illegal
i64	.	i16	illegal
i64	.	i32	illegal
i64	.	i64	illegal
i64	.	u8	illegal
i64	.	u16	illegal
i64	.	u32	illegal
i64	.	u64	illegal
i64	.	ptr	illegal
i64	.	arr	illegal
i64	.	struct	illegal
i64	.	fn	illegal
i64	.	f32	illegal
i64	.	f64	illegal
i64	call	void	illegal
i64	call	i8	illegal
i64	call	i16	illegal
i64	call	i32	illegal
i64	call	i64	illegal
i64	call	u8	illegal
i64	call	u16	illegal
i64	call	u32	illegal
i64	call	u64	illegal
i64	call	ptr	illegal
i64	call	arr	illegal
i64	call	struct	illegal
i64	call	fn	illegal
i64	call	f32	illegal
i64	call	f64	illegal
i64	sizeof	void	i64
i64	sizeof	i8	i64
i64	sizeof	i16	i64
i64	sizeof	i32	i64
i64	sizeof	i64	i64
i64	sizeof	u8	i64
i64	sizeof	u16	i64
i64	sizeof	u32	i64
i64	sizeof	u64	i64
i64	sizeof	ptr	i64
i64	sizeof	arr	i64
i64	sizeof	struct	i64
i64	sizeof	fn	i64
i64	sizeof	f32	i64
i64	sizeof	f64	i64
i64	,	void	void
i64	,	i8	i8
i64	,	i16	i16
i64	,	i32	i32
i64	,	i64	i64
i64	,	u8	u8
i64	,	u16	u16
i64	,	u32	u32
i64	,	u64	u64
i64	,	ptr	ptr
i64	,	arr	arr
i64	,	struct	struct
i64	,	fn	fn
i64	,	f32	f32
i64	,	f64	f64
i64	un*	void	illegal
i64	un*	i8	illegal
i64	un*	i16	illegal
i64	un*	i32	illegal
i64	un*	i64	illegal
i64	un*	u8	illegal
i64	un*	u16	illegal
i64	un*	u32	illegal
i64	un*	u64	illegal
i64	un*	ptr	illegal
i64	un*	arr	illegal
i64	un*	struct	illegal
i64	un*	fn	illegal
i64	un*	f32	illegal
i64	un*	f64	illegal
i64	|	void	illegal
i64	|	i8	i64
i64	|	i16	i64
i64	|	i32	i64
i64	|	i64	i64
i64	|	u8	i64
i64	|	u16	i64
i64	|	u32	i64
i64	|	u64	u64
i64	|	ptr	illegal
i64	|	arr	illegal
i64	|	struct	illegal
i64	|	fn	illegal
i64	|	f32	illegal
i64	|	f64	illegal
i64	^	void	illegal
i64	^	i8	i64
i64	^	i16	i64
i64	^	i32	i64
i64	^	i64	i64
i64	^	u8	i64
i64	^	u16	i64
i64	^	u32	i64
i64	^	u64	u64
i64	^	ptr	illegal
i64	^	arr	illegal
i64	^	struct	illegal
i64	^	fn	illegal
i64	^	f32	illegal
i64	^	f64	illegal
i64	<<	void	illegal
i64	<<	i8	i64
i64	<<	i16	i64
i64	<<	i32	i64
i64	<<	i64	i64
i64	<<	u8	i64
i64	<<	u16	i64
i64	<<	u32	i64
i64	<<	u64	i64
i64	<<	ptr	illegal
i64	<<	arr	illegal
i64	<<	struct	illegal
i64	<<	fn	illegal
i64	<<	f32	illegal
i64	<<	f64	illegal
i64	>>	void	illegal
i64	>>	i8	i64
i64	>>	i16	i64
i64	>>	i32	i64
i64	>>	i64	i64
i64	>>	u8	i64
i64	>>	u16	i64
i64	>>	u32	i64
i64	>>	u64	i64
i64	>>	ptr	illegal
i64	>>	arr	illegal
i64	>>	struct	illegal
i64	>>	fn	illegal
i64	>>	f32	illegal
i64	>>	f64	illegal
u8	+	void	illegal
u8	+	i8	i32
u8	+	i16	i32
u8	+	i32	i32
u8	+	i64	i64
u8	+	u8	i32
u8	+	u16	i32
u8	+	u32	u32
u8	+	u64	u64
u8	+	ptr	ptr
u8	+	arr	ptr
u8	+	struct	illegal
u8	+	fn	illegal
u8	+	f32	f32
u8	+	f64	f64
u8	-	void	illegal
u8	-	i8	i32
u8	-	i16	i32
u8	-	i32	i32
u8	-	i64	i64
u8	-	u8	i32
u8	-	u16	i32
u8	-	u32	u32
u8	-	u64	u64
u8	-	ptr	illegal
u8	-	arr	illegal
u8	-	struct	illegal
u8	-	fn	illegal
u8	-	f32	f32
u8	-	f64	f64
u8	*	void	illegal
u8	*	i8	i32
u8	*	i16	i32
u8	*	i32	i32
u8	*	i64	i64
u8	*	u8	i32
u8	*	u16	i32
u8	*	u32	u32
u8	*	u64	u64
u8	*	ptr	illegal
u8	*	arr	illegal
u8	*	struct	illegal
u8	*	fn	illegal
u8	*	f32	f32
u8	*	f64	f64
u8	/	void	illegal
u8	/	i8	i32
u8	/	i16	i32
u8	/	i32	i32
u8	/	i64	i64
u8	/	u8	i32
u8	/	u16	i32
u8	/	u32	u32
u8	/	u64	u64
u8	/	ptr	illegal
u8	/	arr	illegal
u8	/	struct	illegal
u8	/	fn	illegal
u8	/	f32	f32
u8	/	f64	f64
u8	%	void	illegal
u8	%	i8	i32
u8	%	i16	i32
u8	%	i32	i32
u8	%	i64	i64
u8	%	u8	i32
u8	%	u16	i32
u8	%	u32	u32
u8	%	u64	u64
u8	%	ptr	illegal
u8	%	arr	illegal
u8	%	struct	illegal
u8	%	fn	illegal
u8	%	f32	illegal
u8	%	f64	illegal
u8	<	void	i32
u8	<	i8	i32
u8	<	i16	i32
u8	<	i32	i32
u8	<	i64	i32
u8	<	u8	i32
u8	<	u16	i32
u8	<	u32	i32
u8	<	u64	i32
u8	<	ptr	i32
u8	<	arr	i32
u8	<	struct	i32
u8	<	fn	i32
u8	<	f32	i32
u8	<	f64	i32
u8	==	void	i32
u8	==	i8	i32
u8	==	i16	i32
u8	==	i32	i32
u8	==	i64	i32
u8	==	u8	i32
u8	==	u16	i32
u8	==	u32	i32
u8	==	u64	i32
u8	==	ptr	i32
u8	==	arr	i32
u8	==	struct	i32
u8	==	fn	i32
u8	==	f32	i32
u8	==	f64	i32
u8	=	void	u8
u8	=	i8	u8
u8	=	i16	u8
u8	=	i32	u8
u8	=	i64	u8
u8	=	u8	u8
u8	=	u16	u8
u8	=	u32	u8
u8	=	u64	u8
u8	=	ptr	u8
u8	=	arr	u8
u8	=	struct	u8
u8	=	fn	u8
u8	=	f32	u8
u8	=	f64	u8
u8	&	void	illegal
u8	&	i8	i32
u8	&	i16	i32
u8	&	i32	i32
u8	&	i64	i64
u8	&	u8	i32
u8	&	u16	i32
u8	&	u32	u32
u8	&	u64	u64
u8	&	ptr	illegal
u8	&	arr	illegal
u8	&	struct	illegal
u8	&	fn	illegal
u8	&	f32	illegal
u8	&	f64	illegal
u8	[]	void	illegal
u8	[]	i8	illegal
u8	[]	i16	illegal
u8	[]	i32	illegal
u8	[]	i64	illegal
u8	[]	u8	illegal
u8	[]	u16	illegal
u8	[]	u32	illegal
u8	[]	u64	illegal
u8	[]	ptr	illegal
u8	[]	arr	illegal
u8	[]	struct	illegal
u8	[]	fn	illegal
u8	[]	f32	illegal
u8	[]	f64	illegal
u8	.	void	illegal
u8	.	i8	illegal
u8	.	i16	illegal
u8	.	i32	illegal
u8	.	i64	illegal
u8	.	u8	illegal
u8	.	u16	illegal
u8	.	u32	illegal
u8	.	u64	illegal
u8	.	ptr	illegal
u8	.	arr	illegal
u8	.	struct	illegal
u8	.	fn	illegal
u8	.	f32	illegal
u8	.	f64	illegal
u8	call	void	illegal
u8	call	i8	illegal
u8	call	i16	illegal
u8	call	i32	illegal
u8	call	i64	illegal
u8	call	u8	illegal
u8	call	u16	illegal
u8	call	u32	illegal
u8	call	u64	illegal
u8	call	ptr	illegal
u8	call	arr	illegal
u8	call	struct	illegal
u8	call	fn	illegal
u8	call	f32	illegal
u8	call	f64	illegal
u8	sizeof	void	i64
u8	sizeof	i8	i64
u8	sizeof	i16	i64
u8	sizeof	i32	i64
u8	sizeof	i64	i64
u8	sizeof	u8	i64
u8	sizeof	u16	i64
u8	sizeof	u32	i64
u8	sizeof	u64	i64
u8	sizeof	ptr	i64
u8	sizeof	arr	i64
u8	sizeof	struct	i64
u8	sizeof	fn	i64
u8	sizeof	f32	i64
u8	sizeof	f64	i64
u8	,	void	void
u8	,	i8	i8
u8	,	i16	i16
u8	,	i32	i32
u8	,	i64	i64
u8	,	u8	u8
u8	,	u16	u16
u8	,	u32	u32
u8	,	u64	u64
u8	,	ptr	ptr
u8	,	arr	arr
u8	,	struct	struct
u8	,	fn	fn
u8	,	f32	f32
u8	,	f64	f64
u8	un*	void	illegal
u8	un*	i8	illegal
u8	un*	i16	illegal
u8	un*	i32	illegal
u8	un*	i64	illegal
u8	un*	u8	illegal
u8	un*	u16	illegal
u8	un*	u32	illegal
u8	un*	u64	illegal
u8	un*	ptr	illegal
u8	un*	arr	illegal
u8	un*	struct	illegal
u8	un*	fn	illegal
u8	un*	f32	illegal
u8	un*	f64	illegal
u8	|	void	illegal
u8	|	i8	i32
u8	|	i16	i32
u8	|	i32	i32
u8	|	i64	i64
u8	|	u8	i32
u8	|	u16	i32
u8	|	u32	u32
u8	|	u64	u64
u8	|	ptr	illegal
u8	|	arr	illegal
u8	|	struct	illegal
u8	|	fn	illegal
u8	|	f32	illegal
u8	|	f64	illegal
u8	^	void	illegal
u8	^	i8	i32
u8	^	i16	i32
u8	^	i32	i32
u8	^	i64	i64
u8	^	u8	i32
u8	^	u16	i32
u8	^	u32	u32
u8	^	u64	u64
u8	^	ptr	illegal
u8	^	arr	illegal
u8	^	struct	illegal
u8	^	fn	illegal
u8	^	f32	illegal
u8	^	f64	illegal
u8	<<	void	illegal
u8	<<	i8	i32
u8	<<	i16	i32
u8	<<	i32	i32
u8	<<	i64	i32
u8	<<	u8	i32
u8	<<	u16	i32
u8	<<	u32	i32
u8	<<	u64	i32
u8	<<	ptr	illegal
u8	<<	arr	illegal
u8	<<	struct	illegal
u8	<<	fn	illegal
u8	<<	f32	illegal
u8	<<	f64	illegal
u8	>>	void	illegal
u8	>>	i8	i32
u8	>>	i16	i32
u8	>>	i32	i32
u8	>>	i64	i32
u8	>>	u8	i32
u8	>>	u16	i32
u8	>>	u32	i32
u8	>>	u64	i32
u8	>>	ptr	illegal
u8	>>	arr	illegal
u8	>>	struct	illegal
u8	>>	fn	illegal
u8	>>	f32	illegal
u8	>>	f64	illegal
u16	+	void	illegal
u16	+	i8	i32
u16	+	i16	i32
u16	+	i32	i32
u16	+	i64	i64
u16	+	u8	i32
u16	+	u16	i32
u16	+	u32	u32
u16	+	u64	u64
u16	+	ptr	ptr
u16	+	arr	ptr
u16	+	struct	illegal
u16	+	fn	illegal
u16	+	f32	f32
u16	+	f64	f64
u16	-	void	illegal
u16	-	i8	i32
u16	-	i16	i32
u16	-	i32	i32
u16	-	i64	i64
u16	-	u8	i32
u16	-	u16	i32
u16	-	u32	u32
u16	-	u64	u64
u16	-	ptr	illegal
u16	-	arr	illegal
u16	-	struct	illegal
u16	-	fn	illegal
u16	-	f32	f32
u16	-	f64	f64
u16	*	void	illegal
u16	*	i8	i32
u16	*	i16	i32
u16	*	i32	i32
u16	*	i64	i64
u16	*	u8	i32
u16	*	u16	i32
u16	*	u32	u32
u16	*	u64	u64
u16	*	ptr	illegal
u16	*	arr	illegal
u16	*	struct	illegal
u16	*	fn	illegal
u16	*	f32	f32
u16	*	f64	f64
u16	/	void	illegal
u16	/	i8	i32
u16	/	i16	i32
u16	/	i32	i32
u16	/	i64	i64
u16	/	u8	i32
u16	/	u16	i32
u16	/	u32	u32
u16	/	u64	u64
u16	/	ptr	illegal
u16	/	arr	illegal
u16	/	struct	illegal
u16	/	fn	illegal
u16	/	f32	f32
u16	/	f64	f64
u16	%	void	illegal
u16	%	i8	i32
u16	%	i16	i32
u16	%	i32	i32
u16	%	i64	i64
u16	%	u8	i32
u16	%	u16	i32
u16	%	u32	u32
u16	%	u64	u64
u16	%	ptr	illegal
u16	%	arr	illegal
u16	%	struct	illegal
u16	%	fn	illegal
u16	%	f32	illegal
u16	%	f64	illegal
u16	<	void	i32
u16	<	i8	i32
u16	<	i16	i32
u16	<	i32	i32
u16	<	i64	i32
u16	<	u8	i32
u16	<	u16	i32
u16	<	u32	i32
u16	<	u64	i32
u16	<	ptr	i32
u16	<	arr	i32
u16	<	struct	i32
u16	<	fn	i32
u16	<	f32	i32
u16	<	f64	i32
u16	==	void	i32
u16	==	i8	i32
u16	==	i16	i32
u16	==	i32	i32
u16	==	i64	i32
u16	==	u8	i32
u16	==	u16	i32
u16	==	u32	i32
u16	==	u64	i32
u16	==	ptr	i32
u16	==	arr	i32
u16	==	struct	i32
u16	==	fn	i32
u16	==	f32	i32
u16	==	f64	i32
u16	=	void	u16
u16	=	i8	u16
u16	=	i16	u16
u16	=	i32	u16
u16	=	i64	u16
u16	=	u8	u16
u16	=	u16	u16
u16	=	u32	u16
u16	=	u64	u16
u16	=	ptr	u16
u16	=	arr	u16
u16	=	struct	u16
u16	=	fn	u16
u16	=	f32	u16
u16	=	f64	u16
u16	&	void	illegal
u16	&	i8	i32
u16	&	i16	i32
u16	&	i32	i32
u16	&	i64	i64
u16	&	u8	i32
u16	&	u16	i32
u16	&	u32	u32
u16	&	u64	u64
u16	&	ptr	illegal
u16	&	arr	illegal
u16	&	struct	illegal
u16	&	fn	illegal
u16	&	f32	illegal
u16	&	f64	illegal
u16	[]	void	illegal
u16	[]	i8	illegal
u16	[]	i16	illegal
u16	[]	i32	illegal
u16	[]	i64	illegal
u16	[]	u8	illegal
u16	[]	u16	illegal
u16	[]	u32	illegal
u16	[]	u64	illegal
u16	[]	ptr	illegal
u16	[]	arr	illegal
u16	[]	struct	illegal
u16	[]	fn	illegal
u16	[]	f32	illegal
u16	[]	f64	illegal
u16	.	void	illegal
u16	.	i8	illegal
u16	.	i16	illegal
u16	.	i32	illegal
u16	.	i64	illegal
u16	.	u8	illegal
u16	.	u16	illegal
u16	.	u32	illegal
u16	.	u64	illegal
u16	.	ptr	illegal
u16	.	arr	illegal
u16	.	struct	illegal
u16	.	fn	illegal
u16	.	f32	illegal
u16	.	f64	illegal
u16	call	void	illegal
u16	call	i8	illegal
u16	call	i16	illegal
u16	call	i32	illegal
u16	call	i64	illegal
u16	call	u8	illegal
u16	call	u16	illegal
u16	call	u32	illegal
u16	call	u64	illegal
u16	call	ptr	illegal
u16	call	arr	illegal
u16	call	struct	illegal
u16	call	fn	illegal
u16	call	f32	illegal
u16	call	f64	illegal
u16	sizeof	void	i64
u16	sizeof	i8	i64
u16	sizeof	i16	i64
u16	sizeof	i32	i64
u16	sizeof	i64	i64
u16	sizeof	u8	i64
u16	sizeof	u16	i64
u16	sizeof	u32	i64
u16	sizeof	u64	i64
u16	sizeof	ptr	i64
u16	sizeof	arr	i64
u16	sizeof	struct	i64
u16	sizeof	fn	i64
u16	sizeof	f32	i64
u16	sizeof	f64	i64
u16	,	void	void
u16	,	i8	i8
u16	,	i16	i16
u16	,	i32	i32
u16	,	i64	i64
u16	,	u8	u8
u16	,	u16	u16
u16	,	u32	u32
u16	,	u64	u64
u16	,	ptr	ptr
u16	,	arr	arr
u16	,	struct	struct
u16	,	fn	fn
u16	,	f32	f32
u16	,	f64	f64
u16	un*	void	illegal
u16	un*	i8	illegal
u16	un*	i16	illegal
u16	un*	i32	illegal
u16	un*	i64	illegal
u16	un*	u8	illegal
u16	un*	u16	illegal
u16	un*	u32	illegal
u16	un*	u64	illegal
u16	un*	ptr	illegal
u16	un*	arr	illegal
u16	un*	struct	illegal
u16	un*	fn	illegal
u16	un*	f32	illegal
u16	un*	f64	illegal
u16	|	void	illegal
u16	|	i8	i32
u16	|	i16	i32
u16	|	i32	i32
u16	|	i64	i64
u16	|	u8	i32
u16	|	u16	i32
u16	|	u32	u32
u16	|	u64	u64
u16	|	ptr	illegal
u16	|	arr	illegal
u16	|	struct	illegal
u16	|	fn	illegal
u16	|	f32	illegal
u16	|	f64	illegal
u16	^	void	illegal
u16	^	i8	i32
u16	^	i16	i32
u16	^	i32	i32
u16	^	i64	i64
u16	^	u8	i32
u16	^	u16	i32
u16	^	u32	u32
u16	^	u64	u64
u16	^	ptr	illegal
u16	^	arr	illegal
u16	^	struct	illegal
u16	^	fn	illegal
u16	^	f32	illegal
u16	^	f64	illegal
u16	<<	void	illegal
u16	<<	i8	i32
u16	<<	i16	i32
u16	<<	i32	i32
u16	<<	i64	i32
u16	<<	u8	i32
u16	<<	u16	i32
u16	<<	u32	i32
u16	<<	u64	i32
u16	<<	ptr	illegal
u16	<<	arr	illegal
u16	<<	struct	illegal
u16	<<	fn	illegal
u16	<<	f32	illegal
u16	<<	f64	illegal
u16	>>	void	illegal
u16	>>	i8	i32
u16	>>	i16	i32
u16	>>	i32	i32
u16	>>	i64	i32
u16	>>	u8	i32
u16	>>	u16	i32
u16	>>	u32	i32
u16	>>	u64	i32
u16	>>	ptr	illegal
u16	>>	arr	illegal
u16	>>	struct	illegal
u16	>>	fn	illegal
u16	>>	f32	illegal
u16	>>	f64	illegal
u32	+	void	illegal
u32	+	i8	u32
u32	+	i16	u32
u32	+	i32	u32
u32	+	i64	i64
u32	+	u8	u32
u32	+	u16	u32
u32	+	u32	u32
u32	+	u64	u64
u32	+	ptr	ptr
u32	+	arr	ptr
u32	+	struct	illegal
u32	+	fn	illegal
u32	+	f32	f32
u32	+	f64	f64
u32	-	void	illegal
u32	-	i8	u32
u32	-	i16	u32
u32	-	i32	u32
u32	-	i64	i64
u32	-	u8	u32
u32	-	u16	u32
u32	-	u32	u32
u32	-	u64	u64
u32	-	ptr	illegal
u32	-	arr	illegal
u32	-	struct	illegal
u32	-	fn	illegal
u32	-	f32	f32
u32	-	f64	f64
u32	*	void	illegal
u32	*	i8	u32
u32	*	i16	u32
u32	*	i32	u32
u32	*	i64	i64
u32	*	u8	u32
u32	*	u16	u32
u32	*	u32	u32
u32	*	u64	u64
u32	*	ptr	illegal
u32	*	arr	illegal
u32	*	struct	illegal
u32	*	fn	illegal
u32	*	f32	f32
u32	*	f64	f64
u32	/	void	illegal
u32	/	i8	u32
u32	/	i16	u32
u32	/	i32	u32
u32	/	i64	i64
u32	/	u8	u32
u32	/	u16	u32
u32	/	u32	u32
u32	/	u64	u64
u32	/	ptr	illegal
u32	/	arr	illegal
u32	/	struct	illegal
u32	/	fn	illegal
u32	/	f32	f32
u32	/	f64	f64
u32	%	void	illegal
u32	%	i8	u32
u32	%	i16	u32
u32	%	i32	u32
u32	%	i64	i64
u32	%	u8	u32
u32	%	u16	u32
u32	%	u32	u32
u32	%	u64	u64
u32	%	ptr	illegal
u32	%	arr	illegal
u32	%	struct	illegal
u32	%	fn	illegal
u32	%	f32	illegal
u32	%	f64	illegal
u32	<	void	i32
u32	<	i8	i32
u32	<	i16	i32
u32	<	i32	i32
u32	<	i64	i32
u32	<	u8	i32
u32	<	u16	i32
u32	<	u32	i32
u32	<	u64	i32
u32	<	ptr	i32
u32	<	arr	i32
u32	<	struct	i32
u32	<	fn	i32
u32	<	f32	i32
u32	<	f64	i32
u32	==	void	i32
u32	==	i8	i32
u32	==	i16	i32
u32	==	i32	i32
u32	==	i64	i32
u32	==	u8	i32
u32	==	u16	i32
u32	==	u32	i32
u32	==	u64	i32
u32	==	ptr	i32
u32	==	arr	i32
u32	==	struct	i32
u32	==	fn	i32
u32	==	f32	i32
u32	==	f64	i32
u32	=	void	u32
u32	=	i8	u32
u32	=	i16	u32
u32	=	i32	u32
u32	=	i64	u32
u32	=	u8	u32
u32	=	u16	u32
u32	=	u32	u32
u32	=	u64	u32
u32	=	ptr	u32
u32	=	arr	u32
u32	=	struct	u32
u32	=	fn	u32
u32	=	f32	u32
u32	=	f64	u32
u32	&	void	illegal
u32	&	i8	u32
u32	&	i16	u32
u32	&	i32	u32
u32	&	i64	i64
u32	&	u8	u32
u32	&	u16	u32
u32	&	u32	u32
u32	&	u64	u64
u32	&	ptr	illegal
u32	&	arr	illegal
u32	&	struct	illegal
u32	&	fn	illegal
u32	&	f32	illegal
u32	&	f64	illegal
u32	[]	void	illegal
u32	[]	i8	illegal
u32	[]	i16	illegal
u32	[]	i32	illegal
u32	[]	i64	illegal
u32	[]	u8	illegal
u32	[]	u16	illegal
u32	[]	u32	illegal
u32	[]	u64	illegal
u32	[]	ptr	illegal
u32	[]	arr	illegal
u32	[]	struct	illegal
u32	[]	fn	illegal
u32	[]	f32	illegal
u32	[]	f64	illegal
u32	.	void	illegal
u32	.	i8	illegal
u32	.	i16	illegal
u32	.	i32	illegal
u32	.	i64	illegal
u32	.	u8	illegal
u32	.	u16	illegal
u32	.	u32	illegal
u32	.	u64	illegal
u32	.	ptr	illegal
u32	.	arr	illegal
u32	.	struct	illegal
u32	.	fn	illegal
u32	.	f32	illegal
u32	.	f64	illegal
u32	call	void	illegal
u32	call	i8	illegal
u32	call	i16	illegal
u32	call	i32	illegal
u32	call	i64	illegal
u32	call	u8	illegal
u32	call	u16	illegal
u32	call	u32	illegal
u32	call	u64	illegal
u32	call	ptr	illegal
u32	call	arr	illegal
u32	call	struct	illegal
u32	call	fn	illegal
u32	call	f32	illegal
u32	call	f64	illegal
u32	sizeof	void	i64
u32	sizeof	i8	i64
u32	sizeof	i16	i64
u32	sizeof	i32	i64
u32	sizeof	i64	i64
u32	sizeof	u8	i64
u32	sizeof	u16	i64
u32	sizeof	u32	i64
u32	sizeof	u64	i64
u32	sizeof	ptr	i64
u32	sizeof	arr	i64
u32	sizeof	struct	i64
u32	sizeof	fn	i64
u32	sizeof	f32	i64
u32	sizeof	f64	i64
u32	,	void	void
u32	,	i8	i8
u32	,	i16	i16
u32	,	i32	i32
u32	,	i64	i64
u32	,	u8	u8
u32	,	u16	u16
u32	,	u32	u32
u32	,	u64	u64
u32	,	ptr	ptr
u32	,	arr	arr
u32	,	struct	struct
u32	,	fn	fn
u32	,	f32	f32
u32	,	f64	f64
u32	un*	void	illegal
u32	un*	i8	illegal
u32	un*	i16	illegal
u32	un*	i32	illegal
u32	un*	i64	illegal
u32	un*	u8	illegal
u32	un*	u16	illegal
u32	un*	u32	illegal
u32	un*	u64	illegal
u32	un*	ptr	illegal
u32	un*	arr	illegal
u32	un*	struct	illegal
u32	un*	fn	illegal
u32	un*	f32	illegal
u32	un*	f64	illegal
u32	|	void	illegal
u32	|	i8	u32
u32	|	i16	u32
u32	|	i32	u32
u32	|	i64	i64
u32	|	u8	u32
u32	|	u16	u32
u32	|	u32	u32
u32	|	u64	u64
u32	|	ptr	illegal
u32	|	arr	illegal
u32	|	struct	illegal
u32	|	fn	illegal
u32	|	f32	illegal
u32	|	f64	illegal
u32	^	void	illegal
u32	^	i8	u32
u32	^	i16	u32
u32	^	i32	u32
u32	^	i64	i64
u32	^	u8	u32
u32	^	u16	u32
u32	^	u32	u32
u32	^	u64	u64
u32	^	ptr	illegal
u32	^	arr	illegal
u32	^	struct	illegal
u32	^	fn	illegal
u32	^	f32	illegal
u32	^	f64	illegal
u32	<<	void	illegal
u32	<<	i8	u32
u32	<<	i16	u32
u32	<<	i32	u32
u32	<<	i64	u32
u32	<<	u8	u32
u32	<<	u16	u32
u32	<<	u32	u32
u32	<<	u64	u32
u32	<<	ptr	illegal
u32	<<	arr	illegal
u32	<<	struct	illegal
u32	<<	fn	illegal
u32	<<	f32	illegal
u32	<<	f64	illegal
u32	>>	void	illegal
u32	>>	i8	u32
u32	>>	i16	u32
u32	>>	i32	u32
u32	>>	i64	u32
u32	>>	u8	u32
u32	>>	u16	u32
u32	>>	u32	u32
u32	>>	u64	u32
u32	>>	ptr	illegal
u32	>>	arr	illegal
u32	>>	struct	illegal
u32	>>	fn	illegal
u32	>>	f32	illegal
u32	>>	f64	illegal
u64	+	void	illegal
u64	+	i8	u64
u64	+	i16	u64
u64	+	i32	u64
u64	+	i64	u64
u64	+	u8	u64
u64	+	u16	u64
u64	+	u32	u64
u64	+	u64	u64
u64	+	ptr	ptr
u64	+	arr	ptr
u64	+	struct	illegal
u64	+	fn	illegal
u64	+	f32	f32
u64	+	f64	f64
u64	-	void	illegal
u64	-	i8	u64
u64	-	i16	u64
u64	-	i32	u64
u64	-	i64	u64
u64	-	u8	u64
u64	-	u16	u64
u64	-	u32	u64
u64	-	u64	u64
u64	-	ptr	illegal
u64	-	arr	illegal
u64	-	struct	illegal
u64	-	fn	illegal
u64	-	f32	f32
u64	-	f64	f64
u64	*	void	illegal
u64	*	i8	u64
u64	*	i16	u64
u64	*	i32	u64
u64	*	i64	u64
u64	*	u8	u64
u64	*	u16	u64
u64	*	u32	u64
u64	*	u64	u64
u64	*	ptr	illegal
u64	*	arr	illegal
u64	*	struct	illegal
u64	*	fn	illegal
u64	*	f32	f32
u64	*	f64	f64
u64	/	void	illegal
u64	/	i8	u64
u64	/	i16	u64
u64	/	i32	u64
u64	/	i64	u64
u64	/	u8	u64
u64	/	u16	u64
u64	/	u32	u64
u64	/	u64	u64
u64	/	ptr	illegal
u64	/	arr	illegal
u64	/	struct	illegal
u64	/	fn	illegal
u64	/	f32	f32
u64	/	f64	f64
u64	%	void	illegal
u64	%	i8	u64
u64	%	i16	u64
u64	%	i32	u64
u64	%	i64	u64
u64	%	u8	u64
u64	%	u16	u64
u64	%	u32	u64
u64	%	u64	u64
u64	%	ptr	illegal
u64	%	arr	illegal
u64	%	struct	illegal
u64	%	fn	illegal
u64	%	f32	illegal
u64	%	f64	illegal
u64	<	void	i32
u64	<	i8	i32
u64	<	i16	i32
u64	<	i32	i32
u64	<	i64	i32
u64	<	u8	i32
u64	<	u16	i32
u64	<	u32	i32
u64	<	u64	i32
u64	<	ptr	i32
u64	<	arr	i32
u64	<	struct	i32
u64	<	fn	i32
u64	<	f32	i32
u64	<	f64	i32
u64	==	void	i32
u64	==	i8	i32
u64	==	i16	i32
u64	==	i32	i32
u64	==	i64	i32
u64	==	u8	i32
u64	==	u16	i32
u64	==	u32	i32
u64	==	u64	i32
u64	==	ptr	i32
u64	==	arr	i32
u64	==	struct	i32
u64	==	fn	i32
u64	==	f32	i32
u64	==	f64	i32
u64	=	void	u64
u64	=	i8	u64
u64	=	i16	u64
u64	=	i32	u64
u64	=	i64	u64
u64	=	u8	u64
u64	=	u16	u64
u64	=	u32	u64
u64	=	u64	u64
u64	=	ptr	u64
u64	=	arr	u64
u64	=	struct	u64
u64	=	fn	u64
u64	=	f32	u64
u64	=	f64	u64
u64	&	void	illegal
u64	&	i8	u64
u64	&	i16	u64
u64	&	i32	u64
u64	&	i64	u64
u64	&	u8	u64
u64	&	u16	u64
u64	&	u32	u64
u64	&	u64	u64
u64	&	ptr	illegal
u64	&	arr	illegal
u64	&	struct	illegal
u64	&	fn	illegal
u64	&	f32	illegal
u64	&	f64	illegal
u64	[]	void	illegal
u64	[]	i8	illegal
u64	[]	i16	illegal
u64	[]	i32	illegal
u64	[]	i64	illegal
u64	[]	u8	illegal
u64	[]	u16	illegal
u64	[]	u32	illegal
u64	[]	u64	illegal
u64	[]	ptr	illegal
u64	[]	arr	illegal
u64	[]	struct	illegal
u64	[]	fn	illegal
u64	[]	f32	illegal
u64	[]	f64	illegal
u64	.	void	illegal
u64	.	i8	illegal
u64	.	i16	illegal
u64	.	i32	illegal
u64	.	i64	illegal
u64	.	u8	illegal
u64	.	u16	illegal
u64	.	u32	illegal
u64	.	u64	illegal
u64	.	ptr	illegal
u64	.	arr	illegal
u64	.	struct	illegal
u64	.	fn	illegal
u64	.	f32	illegal
u64	.	f64	illegal
u64	call	void	illegal
u64	call	i8	illegal
u64	call	i16	illegal
u64	call	i32	illegal
u64	call	i64	illegal
u64	call	u8	illegal
u64	call	u16	illegal
u64	call	u32	illegal
u64	call	u64	illegal
u64	call	ptr	illegal
u64	call	arr	illegal
u64	call	struct	illegal
u64	call	fn	illegal
u64	call	f32	illegal
u64	call	f64	illegal
u64	sizeof	void	i64
u64	sizeof	i8	i64
u64	sizeof	i16	i64
u64	sizeof	i32	i64
u64	sizeof	i64	i64
u64	sizeof	u8	i64
u64	sizeof	u16	i64
u64	sizeof	u32	i64
u64	sizeof	u64	i64
u64	sizeof	ptr	i64
u64	sizeof	arr	i64
u64	sizeof	struct	i64
u64	sizeof	fn	i64
u64	sizeof	f32	i64
u64	sizeof	f64	i64
u64	,	void	void
u64	,	i8	i8
u64	,	i16	i16
u64	,	i32	i32
u64	,	i64	i64
u64	,	u8	u8
u64	,	u16	u16
u64	,	u32	u32
u64	,	u64	u64
u64	,	ptr	ptr
u64	,	arr	arr
u64	,	struct	struct
u64	,	fn	fn
u64	,	f32	f32
u64	,	f64	f64
u64	un*	void	illegal
u64	un*	i8	illegal
u64	un*	i16	illegal
u64	un*	i32	illegal
u64	un*	i64	illegal
u64	un*	u8	illegal
u64	un*	u16	illegal
u64	un*	u32	illegal
u64	un*	u64	illegal
u64	un*	ptr	illegal
u64	un*	arr	illegal
u64	un*	struct	illegal
u64	un*	fn	illegal
u64	un*	f32	illegal
u64	un*	f64	illegal
u64	|	void	illegal
u64	|	i8	u64
u64	|	i16	u64
u64	|	i32	u64
u64	|	i64	u64
u64	|	u8	u64
u64	|	u16	u64
u64	|	u32	u64
u64	|	u64	u64
u64	|	ptr	illegal
u64	|	arr	illegal
u64	|	struct	illegal
u64	|	fn	illegal
u64	|	f32	illegal
u64	|	f64	illegal
u64	^	void	illegal
u64	^	i8	u64
u64	^	i16	u64
u64	^	i32	u64
u64	^	i64	u64
u64	^	u8	u64
u64	^	u16	u64
u64	^	u32	u64
u64	^	u64	u64
u64	^	ptr	illegal
u64	^	arr	illegal
u64	^	struct	illegal
u64	^	fn	illegal
u64	^	f32	illegal
u64	^	f64	illegal
u64	<<	void	illegal
u64	<<	i8	u64
u64	<<	i16	u64
u64	<<	i32	u64
u64	<<	i64	u64
u64	<<	u8	u64
u64	<<	u16	u64
u64	<<	u32	u64
u64	<<	u64	u64
u64	<<	ptr	illegal
u64	<<	arr	illegal
u64	<<	struct	illegal
u64	<<	fn	illegal
u64	<<	f32	illegal
u64	<<	f64	illegal
u64	>>	void	illegal
u64	>>	i8	u64
u64	>>	i16	u64
u64	>>	i32	u64
u64	>>	i64	u64
u64	>>	u8	u64
u64	>>	u16	u64
u64	>>	u32	u64
u64	>>	u64	u64
u64	>>	ptr	illegal
u64	>>	arr	illegal
u64	>>	struct	illegal
u64	>>	fn	illegal
u64	>>	f32	illegal
u64	>>	f64	illegal
ptr	+	void	illegal
ptr	+	i8	ptr
ptr	+	i16	ptr
ptr	+	i32	ptr
ptr	+	i64	ptr
ptr	+	u8	ptr
ptr	+	u16	ptr
ptr	+	u32	ptr
ptr	+	u64	ptr
ptr	+	ptr	illegal
ptr	+	arr	illegal
ptr	+	struct	illegal
ptr	+	fn	illegal
ptr	+	f32	illegal
ptr	+	f64	illegal
ptr	-	void	illegal
ptr	-	i8	ptr
ptr	-	i16	ptr
ptr	-	i32	ptr
ptr	-	i64	ptr
ptr	-	u8	ptr
ptr	-	u16	ptr
ptr	-	u32	ptr
ptr	-	u64	ptr
ptr	-	ptr	i64
ptr	-	arr	illegal
ptr	-	struct	illegal
ptr	-	fn	illegal
ptr	-	f32	illegal
ptr	-	f64	illegal
ptr	*	void	illegal
ptr	*	i8	illegal
ptr	*	i16	illegal
ptr	*	i32	illegal
ptr	*	i64	illegal
ptr	*	u8	illegal
ptr	*	u16	illegal
ptr	*	u32	illegal
ptr	*	u64	illegal
ptr	*	ptr	illegal
ptr	*	arr	illegal
ptr	*	struct	illegal
ptr	*	fn	illegal
ptr	*	f32	illegal
ptr	*	f64	illegal
ptr	/	void	illegal
ptr	/	i8	illegal
ptr	/	i16	illegal
ptr	/	i32	illegal
ptr	/	i64	illegal
ptr	/	u8	illegal
ptr	/	u16	illegal
ptr	/	u32	illegal
ptr	/	u64	illegal
ptr	/	ptr	illegal
ptr	/	arr	illegal
ptr	/	struct	illegal
ptr	/	fn	illegal
ptr	/	f32	illegal
ptr	/	f64	illegal
ptr	%	void	illegal
ptr	%	i8	illegal
ptr	%	i16	illegal
ptr	%	i32	illegal
ptr	%	i64	illegal
ptr	%	u8	illegal
ptr	%	u16	illegal
ptr	%	u32	illegal
ptr	%	u64	illegal
ptr	%	ptr	illegal
ptr	%	arr	illegal
ptr	%	struct	illegal
ptr	%	fn	illegal
ptr	%	f32	illegal
ptr	%	f64	illegal
ptr	<	void	i32
ptr	<	i8	i32
ptr	<	i16	i32
ptr	<	i32	i32
ptr	<	i64	i32
ptr	<	u8	i32
ptr	<	u16	i32
ptr	<	u32	i32
ptr	<	u64	i32
ptr	<	ptr	i32
ptr	<	arr	i32
ptr	<	struct	i32
ptr	<	fn	i32
ptr	<	f32	illegal
ptr	<	f64	illegal
ptr	==	void	i32
ptr	==	i8	i32
ptr	==	i16	i32
ptr	==	i32	i32
ptr	==	i64	i32
ptr	==	u8	i32
ptr	==	u16	i32
ptr	==	u32	i32
ptr	==	u64	i32
ptr	==	ptr	i32
ptr	==	arr	i32
ptr	==	struct	i32
ptr	==	fn	i32
ptr	==	f32	illegal
ptr	==	f64	illegal
ptr	=	void	ptr
ptr	=	i8	ptr
ptr	=	i16	ptr
ptr	=	i32	ptr
ptr	=	i64	ptr
ptr	=	u8	ptr
ptr	=	u16	ptr
ptr	=	u32	ptr
ptr	=	u64	ptr
ptr	=	ptr	ptr
ptr	=	arr	ptr
ptr	=	struct	ptr
ptr	=	fn	ptr
ptr	=	f32	ptr
ptr	=	f64	ptr
ptr	&	void	illegal
ptr	&	i8	illegal
ptr	&	i16	illegal
ptr	&	i32	illegal
ptr	&	i64	illegal
ptr	&	u8	illegal
ptr	&	u16	illegal
ptr	&	u32	illegal
ptr	&	u64	illegal
ptr	&	ptr	illegal
ptr	&	arr	illegal
ptr	&	struct	illegal
ptr	&	fn	illegal
ptr	&	f32	illegal
ptr	&	f64	illegal
ptr	[]	void	i64
ptr	[]	i8	i64
ptr	[]	i16	i64
ptr	[]	i32	i64
ptr	[]	i64	i64
ptr	[]	u8	i64
ptr	[]	u16	i64
ptr	[]	u32	i64
ptr	[]	u64	i64
ptr	[]	ptr	i64
ptr	[]	arr	i64
ptr	[]	struct	i64
ptr	[]	fn	i64
ptr	[]	f32	i64
ptr	[]	f64	i64
ptr	.	void	illegal
ptr	.	i8	illegal
ptr	.	i16	illegal
ptr	.	i32	illegal
ptr	.	i64	illegal
ptr	.	u8	illegal
ptr	.	u16	illegal
ptr	.	u32	illegal
ptr	.	u64	illegal
ptr	.	ptr	illegal
ptr	.	arr	illegal
ptr	.	struct	illegal
ptr	.	fn	illegal
ptr	.	f32	illegal
ptr	.	f64	illegal
ptr	call	void	illegal
ptr	call	i8	illegal
ptr	call	i16	illegal
ptr	call	i32	illegal
ptr	call	i64	illegal
ptr	call	u8	illegal
ptr	call	u16	illegal
ptr	call	u32	illegal
ptr	call	u64	illegal
ptr	call	ptr	illegal
ptr	call	arr	illegal
ptr	call	struct	illegal
ptr	call	fn	illegal
ptr	call	f32	illegal
ptr	call	f64	illegal
ptr	sizeof	void	i64
ptr	sizeof	i8	i64
ptr	sizeof	i16	i64
ptr	sizeof	i32	i64
ptr	sizeof	i64	i64
ptr	sizeof	u8	i64
ptr	sizeof	u16	i64
ptr	sizeof	u32	i64
ptr	sizeof	u64	i64
ptr	sizeof	ptr	i64
ptr	sizeof	arr	i64
ptr	sizeof	struct	i64
ptr	sizeof	fn	i64
ptr	sizeof	f32	i64
ptr	sizeof	f64	i64
ptr	,	void	void
ptr	,	i8	i8
ptr	,	i16	i16
ptr	,	i32	i32
ptr	,	i64	i64
ptr	,	u8	u8
ptr	,	u16	u16
ptr	,	u32	u32
ptr	,	u64	u64
ptr	,	ptr	ptr
ptr	,	arr	arr
ptr	,	struct	struct
ptr	,	fn	fn
ptr	,	f32	f32
ptr	,	f64	f64
ptr	un*	void	i64
ptr	un*	i8	i64
ptr	un*	i16	i64
ptr	un*	i32	i64
ptr	un*	i64	i64
ptr	un*	u8	i64
ptr	un*	u16	i64
ptr	un*	u32	i64
ptr	un*	u64	i64
ptr	un*	ptr	i64
ptr	un*	arr	i64
ptr	un*	struct	i64
ptr	un*	fn	i64
ptr	un*	f32	i64
ptr	un*	f64	i64
ptr	|	void	illegal
ptr	|	i8	illegal
ptr	|	i16	illegal
ptr	|	i32	illegal
ptr	|	i64	illegal
ptr	|	u8	illegal
ptr	|	u16	illegal
ptr	|	u32	illegal
ptr	|	u64	illegal
ptr	|	ptr	illegal
ptr	|	arr	illegal
ptr	|	struct	illegal
ptr	|	fn	illegal
ptr	|	f32	illegal
ptr	|	f64	illegal
ptr	^	void	illegal
ptr	^	i8	illegal
ptr	^	i16	illegal
ptr	^	i32	illegal
ptr	^	i64	illegal
ptr	^	u8	illegal
ptr	^	u16	illegal
ptr	^	u32	illegal
ptr	^	u64	illegal
ptr	^	ptr	illegal
ptr	^	arr	illegal
ptr	^	struct	illegal
ptr	^	fn	illegal
ptr	^	f32	illegal
ptr	^	f64	illegal
ptr	<<	void	illegal
ptr	<<	i8	illegal
ptr	<<	i16	illegal
ptr	<<	i32	illegal
ptr	<<	i64	illegal
ptr	<<	u8	illegal
ptr	<<	u16	illegal
ptr	<<	u32	illegal
ptr	<<	u64	illegal
ptr	<<	ptr	illegal
ptr	<<	arr	illegal
ptr	<<	struct	illegal
ptr	<<	fn	illegal
ptr	<<	f32	illegal
ptr	<<	f64	illegal
ptr	>>	void	illegal
ptr	>>	i8	illegal
ptr	>>	i16	illegal
ptr	>>	i32	illegal
ptr	>>	i64	illegal
ptr	>>	u8	illegal
ptr	>>	u16	illegal
ptr	>>	u32	illegal
ptr	>>	u64	illegal
ptr	>>	ptr	illegal
ptr	>>	arr	illegal
ptr	>>	struct	illegal
ptr	>>	fn	illegal
ptr	>>	f32	illegal
ptr	>>	f64	illegal
arr	+	void	illegal
arr	+	i8	ptr
arr	+	i16	ptr
arr	+	i32	ptr
arr	+	i64	ptr
arr	+	u8	ptr
arr	+	u16	ptr
arr	+	u32	ptr
arr	+	u64	ptr
arr	+	ptr	illegal
arr	+	arr	illegal
arr	+	struct	illegal
arr	+	fn	illegal
arr	+	f32	illegal
arr	+	f64	illegal
arr	-	void	illegal
arr	-	i8	ptr
arr	-	i16	ptr
arr	-	i32	ptr
arr	-	i64	ptr
arr	-	u8	ptr
arr	-	u16	ptr
arr	-	u32	ptr
arr	-	u64	ptr
arr	-	ptr	illegal
arr	-	arr	illegal
arr	-	struct	illegal
arr	-	fn	illegal
arr	-	f32	illegal
arr	-	f64	illegal
arr	*	void	illegal
arr	*	i8	illegal
arr	*	i16	illegal
arr	*	i32	illegal
arr	*	i64	illegal
arr	*	u8	illegal
arr	*	u16	illegal
arr	*	u32	illegal
arr	*	u64	illegal
arr	*	ptr	illegal
arr	*	arr	illegal
arr	*	struct	illegal
arr	*	fn	illegal
arr	*	f32	illegal
arr	*	f64	illegal
arr	/	void	illegal
arr	/	i8	illegal
arr	/	i16	illegal
arr	/	i32	illegal
arr	/	i64	illegal
arr	/	u8	illegal
arr	/	u16	illegal
arr	/	u32	illegal
arr	/	u64	illegal
arr	/	ptr	illegal
arr	/	arr	illegal
arr	/	struct	illegal
arr	/	fn	illegal
arr	/	f32	illegal
arr	/	f64	illegal
arr	%	void	illegal
arr	%	i8	illegal
arr	%	i16	illegal
arr	%	i32	illegal
arr	%	i64	illegal
arr	%	u8	illegal
arr	%	u16	illegal
arr	%	u32	illegal
arr	%	u64	illegal
arr	%	ptr	illegal
arr	%	arr	illegal
arr	%	struct	illegal
arr	%	fn	illegal
arr	%	f32	illegal
arr	%	f64	illegal
arr	<	void	i32
arr	<	i8	i32
arr	<	i16	i32
arr	<	i32	i32
arr	<	i64	i32
arr	<	u8	i32
arr	<	u16	i32
arr	<	u32	i32
arr	<	u64	i32
arr	<	ptr	i32
arr	<	arr	i32
arr	<	struct	i32
arr	<	fn	i32
arr	<	f32	illegal
arr	<	f64	illegal
arr	==	void	i32
arr	==	i8	i32
arr	==	i16	i32
arr	==	i32	i32
arr	==	i64	i32
arr	==	u8	i32
arr	==	u16	i32
arr	==	u32	i32
arr	==	u64	i32
arr	==	ptr	i32
arr	==	arr	i32
arr	==	struct	i32
arr	==	fn	i32
arr	==	f32	illegal
arr	==	f64	illegal
arr	=	void	arr
arr	=	i8	arr
arr	=	i16	arr
arr	=	i32	arr
arr	=	i64	arr
arr	=	u8	arr
arr	=	u16	arr
arr	=	u32	arr
arr	=	u64	arr
arr	=	ptr	arr
arr	=	arr	arr
arr	=	struct	arr
arr	=	fn	arr
arr	=	f32	arr
arr	=	f64	arr
arr	&	void	illegal
arr	&	i8	illegal
arr	&	i16	illegal
arr	&	i32	illegal
arr	&	i64	illegal
arr	&	u8	illegal
arr	&	u16	illegal
arr	&	u32	illegal
arr	&	u64	illegal
arr	&	ptr	illegal
arr	&	arr	illegal
arr	&	struct	illegal
arr	&	fn	illegal
arr	&	f32	illegal
arr	&	f64	illegal
arr	[]	void	i64
arr	[]	i8	i64
arr	[]	i16	i64
arr	[]	i32	i64
arr	[]	i64	i64
arr	[]	u8	i64
arr	[]	u16	i64
arr	[]	u32	i64
arr	[]	u64	i64
arr	[]	ptr	i64
arr	[]	arr	i64
arr	[]	struct	i64
arr	[]	fn	i64
arr	[]	f32	i64
arr	[]	f64	i64
arr	.	void	illegal
arr	.	i8	illegal
arr	.	i16	illegal
arr	.	i32	illegal
arr	.	i64	illegal
arr	.	u8	illegal
arr	.	u16	illegal
arr	.	u32	illegal
arr	.	u64	illegal
arr	.	ptr	illegal
arr	.	arr	illegal
arr	.	struct	illegal
arr	.	fn	illegal
arr	.	f32	illegal
arr	.	f64	illegal
arr	call	void	illegal
arr	call	i8	illegal
arr	call	i16	illegal
arr	call	i32	illegal
arr	call	i64	illegal
arr	call	u8	illegal
arr	call	u16	illegal
arr	call	u32	illegal
arr	call	u64	illegal
arr	call	ptr	illegal
arr	call	arr	illegal
arr	call	struct	illegal
arr	call	fn	illegal
arr	call	f32	illegal
arr	call	f64	illegal
arr	sizeof	void	i64
arr	sizeof	i8	i64
arr	sizeof	i16	i64
arr	sizeof	i32	i64
arr	sizeof	i64	i64
arr	sizeof	u8	i64
arr	sizeof	u16	i64
arr	sizeof	u32	i64
arr	sizeof	u64	i64
arr	sizeof	ptr	i64
arr	sizeof	arr	i64
arr	sizeof	struct	i64
arr	sizeof	fn	i64
arr	sizeof	f32	i64
arr	sizeof	f64	i64
arr	,	void	void
arr	,	i8	i8
arr	,	i16	i16
arr	,	i32	i32
arr	,	i64	i64
arr	,	u8	u8
arr	,	u16	u16
arr	,	u32	u32
arr	,	u64	u64
arr	,	ptr	ptr
arr	,	arr	arr
arr	,	struct	struct
arr	,	fn	fn
arr	,	f32	f32
arr	,	f64	f64
arr	un*	void	illegal
arr	un*	i8	illegal
arr	un*	i16	illegal
arr	un*	i32	illegal
arr	un*	i64	illegal
arr	un*	u8	illegal
arr	un*	u16	illegal
arr	un*	u32	illegal
arr	un*	u64	illegal
arr	un*	ptr	illegal
arr	un*	arr	illegal
arr	un*	struct	illegal
arr	un*	fn	illegal
arr	un*	f32	illegal
arr	un*	f64	illegal
arr	|	void	illegal
arr	|	i8	illegal
arr	|	i16	illegal
arr	|	i32	illegal
arr	|	i64	illegal
arr	|	u8	illegal
arr	|	u16	illegal
arr	|	u32	illegal
arr	|	u64	illegal
arr	|	ptr	illegal
arr	|	arr	illegal
arr	|	struct	illegal
arr	|	fn	illegal
arr	|	f32	illegal
arr	|	f64	illegal
arr	^	void	illegal
arr	^	i8	illegal
arr	^	i16	illegal
arr	^	i32	illegal
arr	^	i64	illegal
arr	^	u8	illegal
arr	^	u16	illegal
arr	^	u32	illegal
arr	^	u64	illegal
arr	^	ptr	illegal
arr	^	arr	illegal
arr	^	struct	illegal
arr	^	fn	illegal
arr	^	f32	illegal
arr	^	f64	illegal
arr	<<	void	illegal
arr	<<	i8	illegal
arr	<<	i16	illegal
arr	<<	i32	illegal
arr	<<	i64	illegal
arr	<<	u8	illegal
arr	<<	u16	illegal
arr	<<	u32	illegal
arr	<<	u64	illegal
arr	<<	ptr	illegal
arr	<<	arr	illegal
arr	<<	struct	illegal
arr	<<	fn	illegal
arr	<<	f32	illegal
arr	<<	f64	illegal
arr	>>	void	illegal
arr	>>	i8	illegal
arr	>>	i16	illegal
arr	>>	i32	illegal
arr	>>	i64	illegal
arr	>>	u8	illegal
arr	>>	u16	illegal
arr	>>	u32	illegal
arr	>>	u64	illegal
arr	>>	ptr	illegal
arr	>>	arr	illegal
arr	>>	struct	illegal
arr	>>	fn	illegal
arr	>>	f32	illegal
arr	>>	f64	illegal
struct	+	void	illegal
struct	+	i8	illegal
struct	+	i16	illegal
struct	+	i32	illegal
struct	+	i64	illegal
struct	+	u8	illegal
struct	+	u16	illegal
struct	+	u32	illegal
struct	+	u64	illegal
struct	+	ptr	illegal
struct	+	arr	illegal
struct	+	struct	illegal
struct	+	fn	illegal
struct	+	f32	illegal
struct	+	f64	illegal
struct	-	void	illegal
struct	-	i8	illegal
struct	-	i16	illegal
struct	-	i32	illegal
struct	-	i64	illegal
struct	-	u8	illegal
struct	-	u16	illegal
struct	-	u32	illegal
struct	-	u64	illegal
struct	-	ptr	illegal
struct	-	arr	illegal
struct	-	struct	illegal
struct	-	fn	illegal
struct	-	f32	illegal
struct	-	f64	illegal
struct	*	void	illegal
struct	*	i8	illegal
struct	*	i16	illegal
struct	*	i32	illegal
struct	*	i64	illegal
struct	*	u8	illegal
struct	*	u16	illegal
struct	*	u32	illegal
struct	*	u64	illegal
struct	*	ptr	illegal
struct	*	arr	illegal
struct	*	struct	illegal
struct	*	fn	illegal
struct	*	f32	illegal
struct	*	f64	illegal
struct	/	void	illegal
struct	/	i8	illegal
struct	/	i16	illegal
struct	/	i32	illegal
struct	/	i64	illegal
struct	/	u8	illegal
struct	/	u16	illegal
struct	/	u32	illegal
struct	/	u64	illegal
struct	/	ptr	illegal
struct	/	arr	illegal
struct	/	struct	illegal
struct	/	fn	illegal
struct	/	f32	illegal
struct	/	f64	illegal
struct	%	void	illegal
struct	%	i8	illegal
struct	%	i16	illegal
struct	%	i32	illegal
struct	%	i64	illegal
struct	%	u8	illegal
struct	%	u16	illegal
struct	%	u32	illegal
struct	%	u64	illegal
struct	%	ptr	illegal
struct	%	arr	illegal
struct	%	struct	illegal
struct	%	fn	illegal
struct	%	f32	illegal
struct	%	f64	illegal
struct	<	void	i32
struct	<	i8	i32
struct	<	i16	i32
struct	<	i32	i32
struct	<	i64	i32
struct	<	u8	i32
struct	<	u16	i32
struct	<	u32	i32
struct	<	u64	i32
struct	<	ptr	i32
struct	<	arr	i32
struct	<	struct	i32
struct	<	fn	i32
struct	<	f32	illegal
struct	<	f64	illegal
struct	==	void	i32
struct	==	i8	i32
struct	==	i16	i32
struct	==	i32	i32
struct	==	i64	i32
struct	==	u8	i32
struct	==	u16	i32
struct	==	u32	i32
struct	==	u64	i32
struct	==	ptr	i32
struct	==	arr	i32
struct	==	struct	i32
struct	==	fn	i32
struct	==	f32	illegal
struct	==	f64	illegal
struct	=	void	struct
struct	=	i8	struct
struct	=	i16	struct
struct	=	i32	struct
struct	=	i64	struct
struct	=	u8	struct
struct	=	u16	struct
struct	=	u32	struct
struct	=	u64	struct
struct	=	ptr	struct
struct	=	arr	struct
struct	=	struct	struct
struct	=	fn	struct
struct	=	f32	struct
struct	=	f64	struct
struct	&	void	illegal
struct	&	i8	illegal
struct	&	i16	illegal
struct	&	i32	illegal
struct	&	i64	illegal
struct	&	u8	illegal
struct	&	u16	illegal
struct	&	u32	illegal
struct	&	u64	illegal
struct	&	ptr	illegal
struct	&	arr	illegal
struct	&	struct	illegal
struct	&	fn	illegal
struct	&	f32	illegal
struct	&	f64	illegal
struct	[]	void	illegal
struct	[]	i8	illegal
struct	[]	i16	illegal
struct	[]	i32	illegal
struct	[]	i64	illegal
struct	[]	u8	illegal
struct	[]	u16	illegal
struct	[]	u32	illegal
struct	[]	u64	illegal
struct	[]	ptr	illegal
struct	[]	arr	illegal
struct	[]	struct	illegal
struct	[]	fn	illegal
struct	[]	f32	illegal
struct	[]	f64	illegal
struct	.	void	i64
struct	.	i8	i64
struct	.	i16	i64
struct	.	i32	i64
struct	.	i64	i64
struct	.	u8	i64
struct	.	u16	i64
struct	.	u32	i64
struct	.	u64	i64
struct	.	ptr	i64
struct	.	arr	i64
struct	.	struct	i64
struct	.	fn	i64
struct	.	f32	i64
struct	.	f64	i64
struct	call	void	illegal
struct	call	i8	illegal
struct	call	i16	illegal
struct	call	i32	illegal
struct	call	i64	illegal
struct	call	u8	illegal
struct	call	u16	illegal
struct	call	u32	illegal
struct	call	u64	illegal
struct	call	ptr	illegal
struct	call	arr	illegal
struct	call	struct	illegal
struct	call	fn	illegal
struct	call	f32	illegal
struct	call	f64	illegal
struct	sizeof	void	i64
struct	sizeof	i8	i64
struct	sizeof	i16	i64
struct	sizeof	i32	i64
struct	sizeof	i64	i64
struct	sizeof	u8	i64
struct	sizeof	u16	i64
struct	sizeof	u32	i64
struct	sizeof	u64	i64
struct	sizeof	ptr	i64
struct	sizeof	arr	i64
struct	sizeof	struct	i64
struct	sizeof	fn	i64
struct	sizeof	f32	i64
struct	sizeof	f64	i64
struct	,	void	void
struct	,	i8	i8
struct	,	i16	i16
struct	,	i32	i32
struct	,	i64	i64
struct	,	u8	u8
struct	,	u16	u16
struct	,	u32	u32
struct	,	u64	u64
struct	,	ptr	ptr
struct	,	arr	arr
struct	,	struct	struct
struct	,	fn	fn
struct	,	f32	f32
struct	,	f64	f64
struct	un*	void	illegal
struct	un*	i8	illegal
struct	un*	i16	illegal
struct	un*	i32	illegal
struct	un*	i64	illegal
struct	un*	u8	illegal
struct	un*	u16	illegal
struct	un*	u32	illegal
struct	un*	u64	illegal
struct	un*	ptr	illegal
struct	un*	arr	illegal
struct	un*	struct	illegal
struct	un*	fn	illegal
struct	un*	f32	illegal
struct	un*	f64	illegal
struct	|	void	illegal
struct	|	i8	illegal
struct	|	i16	illegal
struct	|	i32	illegal
struct	|	i64	illegal
struct	|	u8	illegal
struct	|	u16	illegal
struct	|	u32	illegal
struct	|	u64	illegal
struct	|	ptr	illegal
struct	|	arr	illegal
struct	|	struct	illegal
struct	|	fn	illegal
struct	|	f32	illegal
struct	|	f64	illegal
struct	^	void	illegal
struct	^	i8	illegal
struct	^	i16	illegal
struct	^	i32	illegal
struct	^	i64	illegal
struct	^	u8	illegal
struct	^	u16	illegal
struct	^	u32	illegal
struct	^	u64	illegal
struct	^	ptr	illegal
struct	^	arr	illegal
struct	^	struct	illegal
struct	^	fn	illegal
struct	^	f32	illegal
struct	^	f64	illegal
struct	<<	void	illegal
struct	<<	i8	illegal
struct	<<	i16	illegal
struct	<<	i32	illegal
struct	<<	i64	illegal
struct	<<	u8	illegal
struct	<<	u16	illegal
struct	<<	u32	illegal
struct	<<	u64	illegal
struct	<<	ptr	illegal
struct	<<	arr	illegal
struct	<<	struct	illegal
struct	<<	fn	illegal
struct	<<	f32	illegal
struct	<<	f64	illegal
struct	>>	void	illegal
struct	>>	i8	illegal
struct	>>	i16	illegal
struct	>>	i32	illegal
struct	>>	i64	illegal
struct	>>	u8	illegal
struct	>>	u16	illegal
struct	>>	u32	illegal
struct	>>	u64	illegal
struct	>>	ptr	illegal
struct	>>	arr	illegal
struct	>>	struct	illegal
struct	>>	fn	illegal
struct	>>	f32	illegal
struct	>>	f64	illegal
fn	+	void	illegal
fn	+	i8	illegal
fn	+	i16	illegal
fn	+	i32	illegal
fn	+	i64	illegal
fn	+	u8	illegal
fn	+	u16	illegal
fn	+	u32	illegal
fn	+	u64	illegal
fn	+	ptr	illegal
fn	+	arr	illegal
fn	+	struct	illegal
fn	+	fn	illegal
fn	+	f32	illegal
fn	+	f64	illegal
fn	-	void	illegal
fn	-	i8	illegal
fn	-	i16	illegal
fn	-	i32	illegal
fn	-	i64	illegal
fn	-	u8	illegal
fn	-	u16	illegal
fn	-	u32	illegal
fn	-	u64	illegal
fn	-	ptr	illegal
fn	-	arr	illegal
fn	-	struct	illegal
fn	-	fn	illegal
fn	-	f32	illegal
fn	-	f64	illegal
fn	*	void	illegal
fn	*	i8	illegal
fn	*	i16	illegal
fn	*	i32	illegal
fn	*	i64	illegal
fn	*	u8	illegal
fn	*	u16	illegal
fn	*	u32	illegal
fn	*	u64	illegal
fn	*	ptr	illegal
fn	*	arr	illegal
fn	*	struct	illegal
fn	*	fn	illegal
fn	*	f32	illegal
fn	*	f64	illegal
fn	/	void	illegal
fn	/	i8	illegal
fn	/	i16	illegal
fn	/	i32	illegal
fn	/	i64	illegal
fn	/	u8	illegal
fn	/	u16	illegal
fn	/	u32	illegal
fn	/	u64	illegal
fn	/	ptr	illegal
fn	/	arr	illegal
fn	/	struct	illegal
fn	/	fn	illegal
fn	/	f32	illegal
fn	/	f64	illegal
fn	%	void	illegal
fn	%	i8	illegal
fn	%	i16	illegal
fn	%	i32	illegal
fn	%	i64	illegal
fn	%	u8	illegal
fn	%	u16	illegal
fn	%	u32	illegal
fn	%	u64	illegal
fn	%	ptr	illegal
fn	%	arr	illegal
fn	%	struct	illegal
fn	%	fn	illegal
fn	%	f32	illegal
fn	%	f64	illegal
fn	<	void	i32
fn	<	i8	i32
fn	<	i16	i32
fn	<	i32	i32
fn	<	i64	i32
fn	<	u8	i32
fn	<	u16	i32
fn	<	u32	i32
fn	<	u64	i32
fn	<	ptr	i32
fn	<	arr	i32
fn	<	struct	i32
fn	<	fn	i32
fn	<	f32	illegal
fn	<	f64	illegal
fn	==	void	i32
fn	==	i8	i32
fn	==	i16	i32
fn	==	i32	i32
fn	==	i64	i32
fn	==	u8	i32
fn	==	u16	i32
fn	==	u32	i32
fn	==	u64	i32
fn	==	ptr	i32
fn	==	arr	i32
fn	==	struct	i32
fn	==	fn	i32
fn	==	f32	illegal
fn	==	f64	illegal
fn	=	void	fn
fn	=	i8	fn
fn	=	i16	fn
fn	=	i32	fn
fn	=	i64	fn
fn	=	u8	fn
fn	=	u16	fn
fn	=	u32	fn
fn	=	u64	fn
fn	=	ptr	fn
fn	=	arr	fn
fn	=	struct	fn
fn	=	fn	fn
fn	=	f32	fn
fn	=	f64	fn
fn	&	void	illegal
fn	&	i8	illegal
fn	&	i16	illegal
fn	&	i32	illegal
fn	&	i64	illegal
fn	&	u8	illegal
fn	&	u16	illegal
fn	&	u32	illegal
fn	&	u64	illegal
fn	&	ptr	illegal
fn	&	arr	illegal
fn	&	struct	illegal
fn	&	fn	illegal
fn	&	f32	illegal
fn	&	f64	illegal
fn	[]	void	illegal
fn	[]	i8	illegal
fn	[]	i16	illegal
fn	[]	i32	illegal
fn	[]	i64	illegal
fn	[]	u8	illegal
fn	[]	u16	illegal
fn	[]	u32	illegal
fn	[]	u64	illegal
fn	[]	ptr	illegal
fn	[]	arr	illegal
fn	[]	struct	illegal
fn	[]	fn	illegal
fn	[]	f32	illegal
fn	[]	f64	illegal
fn	.	void	illegal
fn	.	i8	illegal
fn	.	i16	illegal
fn	.	i32	illegal
fn	.	i64	illegal
fn	.	u8	illegal
fn	.	u16	illegal
fn	.	u32	illegal
fn	.	u64	illegal
fn	.	ptr	illegal
fn	.	arr	illegal
fn	.	struct	illegal
fn	.	fn	illegal
fn	.	f32	illegal
fn	.	f64	illegal
fn	call	void	i64
fn	call	i8	i64
fn	call	i16	i64
fn	call	i32	i64
fn	call	i64	i64
fn	call	u8	i64
fn	call	u16	i64
fn	call	u32	i64
fn	call	u64	i64
fn	call	ptr	i64
fn	call	arr	i64
fn	call	struct	i64
fn	call	fn	i64
fn	call	f32	i64
fn	call	f64	i64
fn	sizeof	void	i64
fn	sizeof	i8	i64
fn	sizeof	i16	i64
fn	sizeof	i32	i64
fn	sizeof	i64	i64
fn	sizeof	u8	i64
fn	sizeof	u16	i64
fn	sizeof	u32	i64
fn	sizeof	u64	i64
fn	sizeof	ptr	i64
fn	sizeof	arr	i64
fn	sizeof	struct	i64
fn	sizeof	fn	i64
fn	sizeof	f32	i64
fn	sizeof	f64	i64
fn	,	void	void
fn	,	i8	i8
fn	,	i16	i16
fn	,	i32	i32
fn	,	i64	i64
fn	,	u8	u8
fn	,	u16	u16
fn	,	u32	u32
fn	,	u64	u64
fn	,	ptr	ptr
fn	,	arr	arr
fn	,	struct	struct
fn	,	fn	fn
fn	,	f32	f32
fn	,	f64	f64
fn	un*	void	illegal
fn	un*	i8	illegal
fn	un*	i16	illegal
fn	un*	i32	illegal
fn	un*	i64	illegal
fn	un*	u8	illegal
fn	un*	u16	illegal
fn	un*	u32	illegal
fn	un*	u64	illegal
fn	un*	ptr	illegal
fn	un*	arr	illegal
fn	un*	struct	illegal
fn	un*	fn	illegal
fn	un*	f32	illegal
fn	un*	f64	illegal
fn	|	void	illegal
fn	|	i8	illegal
fn	|	i16	illegal
fn	|	i32	illegal
fn	|	i64	illegal
fn	|	u8	illegal
fn	|	u16	illegal
fn	|	u32	illegal
fn	|	u64	illegal
fn	|	ptr	illegal
fn	|	arr	illegal
fn	|	struct	illegal
fn	|	fn	illegal
fn	|	f32	illegal
fn	|	f64	illegal
fn	^	void	illegal
fn	^	i8	illegal
fn	^	i16	illegal
fn	^	i32	illegal
fn	^	i64	illegal
fn	^	u8	illegal
fn	^	u16	illegal
fn	^	u32	illegal
fn	^	u64	illegal
fn	^	ptr	illegal
fn	^	arr	illegal
fn	^	struct	illegal
fn	^	fn	illegal
fn	^	f32	illegal
fn	^	f64	illegal
fn	<<	void	illegal
fn	<<	i8	illegal
fn	<<	i16	illegal
fn	<<	i32	illegal
fn	<<	i64	illegal
fn	<<	u8	illegal
fn	<<	u16	illegal
fn	<<	u32	illegal
fn	<<	u64	illegal
fn	<<	ptr	illegal
fn	<<	arr	illegal
fn	<<	struct	illegal
fn	<<	fn	illegal
fn	<<	f32	illegal
fn	<<	f64	illegal
fn	>>	void	illegal
fn	>>	i8	illegal
fn	>>	i16	illegal
fn	>>	i32	illegal
fn	>>	i64	illegal
fn	>>	u8	illegal
fn	>>	u16	illegal
fn	>>	u32	illegal
fn	>>	u64	illegal
fn	>>	ptr	illegal
fn	>>	arr	illegal
fn	>>	struct	illegal
fn	>>	fn	illegal
fn	>>	f32	illegal
fn	>>	f64	illegal
f32	+	void	illegal
f32	+	i8	f32
f32	+	i16	f32
f32	+	i32	f32
f32	+	i64	f32
f32	+	u8	f32
f32	+	u16	f32
f32	+	u32	f32
f32	+	u64	f32
f32	+	ptr	illegal
f32	+	arr	illegal
f32	+	struct	illegal
f32	+	fn	illegal
f32	+	f32	f32
f32	+	f64	f64
f32	-	void	illegal
f32	-	i8	f32
f32	-	i16	f32
f32	-	i32	f32
f32	-	i64	f32
f32	-	u8	f32
f32	-	u16	f32
f32	-	u32	f32
f32	-	u64	f32
f32	-	ptr	illegal
f32	-	arr	illegal
f32	-	struct	illegal
f32	-	fn	illegal
f32	-	f32	f32
f32	-	f64	f64
f32	*	void	illegal
f32	*	i8	f32
f32	*	i16	f32
f32	*	i32	f32
f32	*	i64	f32
f32	*	u8	f32
f32	*	u16	f32
f32	*	u32	f32
f32	*	u64	f32
f32	*	ptr	illegal
f32	*	arr	illegal
f32	*	struct	illegal
f32	*	fn	illegal
f32	*	f32	f32
f32	*	f64	f64
f32	/	void	illegal
f32	/	i8	f32
f32	/	i16	f32
f32	/	i32	f32
f32	/	i64	f32
f32	/	u8	f32
f32	/	u16	f32
f32	/	u32	f32
f32	/	u64	f32
f32	/	ptr	illegal
f32	/	arr	illegal
f32	/	struct	illegal
f32	/	fn	illegal
f32	/	f32	f32
f32	/	f64	f64
f32	%	void	illegal
f32	%	i8	illegal
f32	%	i16	illegal
f32	%	i32	illegal
f32	%	i64	illegal
f32	%	u8	illegal
f32	%	u16	illegal
f32	%	u32	illegal
f32	%	u64	illegal
f32	%	ptr	illegal
f32	%	arr	illegal
f32	%	struct	illegal
f32	%	fn	illegal
f32	%	f32	illegal
f32	%	f64	illegal
f32	<	void	illegal
f32	<	i8	i32
f32	<	i16	i32
f32	<	i32	i32
f32	<	i64	i32
f32	<	u8	i32
f32	<	u16	i32
f32	<	u32	i32
f32	<	u64	i32
f32	<	ptr	illegal
f32	<	arr	illegal
f32	<	struct	illegal
f32	<	fn	illegal
f32	<	f32	i32
f32	<	f64	i32
f32	==	void	illegal
f32	==	i8	i32
f32	==	i16	i32
f32	==	i32	i32
f32	==	i64	i32
f32	==	u8	i32
f32	==	u16	i32
f32	==	u32	i32
f32	==	u64	i32
f32	==	ptr	illegal
f32	==	arr	illegal
f32	==	struct	illegal
f32	==	fn	illegal
f32	==	f32	i32
f32	==	f64	i32
f32	=	void	f32
f32	=	i8	f32
f32	=	i16	f32
f32	=	i32	f32
f32	=	i64	f32
f32	=	u8	f32
f32	=	u16	f32
f32	=	u32	f32
f32	=	u64	f32
f32	=	ptr	f32
f32	=	arr	f32
f32	=	struct	f32
f32	=	fn	f32
f32	=	f32	f32
f32	=	f64	f32
f32	&	void	illegal
f32	&	i8	illegal
f32	&	i16	illegal
f32	&	i32	illegal
f32	&	i64	illegal
f32	&	u8	illegal
f32	&	u16	illegal
f32	&	u32	illegal
f32	&	u64	illegal
f32	&	ptr	illegal
f32	&	arr	illegal
f32	&	struct	illegal
f32	&	fn	illegal
f32	&	f32	illegal
f32	&	f64	illegal
f32	[]	void	illegal
f32	[]	i8	illegal
f32	[]	i16	illegal
f32	[]	i32	illegal
f32	[]	i64	illegal
f32	[]	u8	illegal
f32	[]	u16	illegal
f32	[]	u32	illegal
f32	[]	u64	illegal
f32	[]	ptr	illegal
f32	[]	arr	illegal
f32	[]	struct	illegal
f32	[]	fn	illegal
f32	[]	f32	illegal
f32	[]	f64	illegal
f32	.	void	illegal
f32	.	i8	illegal
f32	.	i16	illegal
f32	.	i32	illegal
f32	.	i64	illegal
f32	.	u8	illegal
f32	.	u16	illegal
f32	.	u32	illegal
f32	.	u64	illegal
f32	.	ptr	illegal
f32	.	arr	illegal
f32	.	struct	illegal
f32	.	fn	illegal
f32	.	f32	illegal
f32	.	f64	illegal
f32	call	void	illegal
f32	call	i8	illegal
f32	call	i16	illegal
f32	call	i32	illegal
f32	call	i64	illegal
f32	call	u8	illegal
f32	call	u16	illegal
f32	call	u32	illegal
f32	call	u64	illegal
f32	call	ptr	illegal
f32	call	arr	illegal
f32	call	struct	illegal
f32	call	fn	illegal
f32	call	f32	illegal
f32	call	f64	illegal
f32	sizeof	void	i64
f32	sizeof	i8	i64
f32	sizeof	i16	i64
f32	sizeof	i32	i64
f32	sizeof	i64	i64
f32	sizeof	u8	i64
f32	sizeof	u16	i64
f32	sizeof	u32	i64
f32	sizeof	u64	i64
f32	sizeof	ptr	i64
f32	sizeof	arr	i64
f32	sizeof	struct	i64
f32	sizeof	fn	i64
f32	sizeof	f32	i64
f32	sizeof	f64	i64
f32	,	void	void
f32	,	i8	i8
f32	,	i16	i16
f32	,	i32	i32
f32	,	i64	i64
f32	,	u8	u8
f32	,	u16	u16
f32	,	u32	u32
f32	,	u64	u64
f32	,	ptr	ptr
f32	,	arr	arr
f32	,	struct	struct
f32	,	fn	fn
f32	,	f32	f32
f32	,	f64	f64
f32	un*	void	illegal
f32	un*	i8	illegal
f32	un*	i16	illegal
f32	un*	i32	illegal
f32	un*	i64	illegal
f32	un*	u8	illegal
f32	un*	u16	illegal
f32	un*	u32	illegal
f32	un*	u64	illegal
f32	un*	ptr	illegal
f32	un*	arr	illegal
f32	un*	struct	illegal
f32	un*	fn	illegal
f32	un*	f32	illegal
f32	un*	f64	illegal
f32	|	void	illegal
f32	|	i8	illegal
f32	|	i16	illegal
f32	|	i32	illegal
f32	|	i64	illegal
f32	|	u8	illegal
f32	|	u16	illegal
f32	|	u32	illegal
f32	|	u64	illegal
f32	|	ptr	illegal
f32	|	arr	illegal
f32	|	struct	illegal
f32	|	fn	illegal
f32	|	f32	illegal
f32	|	f64	illegal
f32	^	void	illegal
f32	^	i8	illegal
f32	^	i16	illegal
f32	^	i32	illegal
f32	^	i64	illegal
f32	^	u8	illegal
f32	^	u16	illegal
f32	^	u32	illegal
f32	^	u64	illegal
f32	^	ptr	illegal
f32	^	arr	illegal
f32	^	struct	illegal
f32	^	fn	illegal
f32	^	f32	illegal
f32	^	f64	illegal
f32	<<	void	illegal
f32	<<	i8	illegal
f32	<<	i16	illegal
f32	<<	i32	illegal
f32	<<	i64	illegal
f32	<<	u8	illegal
f32	<<	u16	illegal
f32	<<	u32	illegal
f32	<<	u64	illegal
f32	<<	ptr	illegal
f32	<<	arr	illegal
f32	<<	struct	illegal
f32	<<	fn	illegal
f32	<<	f32	illegal
f32	<<	f64	illegal
f32	>>	void	illegal
f32	>>	i8	illegal
f32	>>	i16	illegal
f32	>>	i32	illegal
f32	>>	i64	illegal
f32	>>	u8	illegal
f32	>>	u16	illegal
f32	>>	u32	illegal
f32	>>	u64	illegal
f32	>>	ptr	illegal
f32	>>	arr	illegal
f32	>>	struct	illegal
f32	>>	fn	illegal
f32	>>	f32	illegal
f32	>>	f64	illegal
f64	+	void	illegal
f64	+	i8	f64
f64	+	i16	f64
f64	+	i32	f64
f64	+	i64	f64
f64	+	u8	f64
f64	+	u16	f64
f64	+	u32	f64
f64	+	u64	f64
f64	+	ptr	illegal
f64	+	arr	illegal
f64	+	struct	illegal
f64	+	fn	illegal
f64	+	f32	f64
f64	+	f64	f64
f64	-	void	illegal
f64	-	i8	f64
f64	-	i16	f64
f64	-	i32	f64
f64	-	i64	f64
f64	-	u8	f64
f64	-	u16	f64
f64	-	u32	f64
f64	-	u64	f64
f64	-	ptr	illegal
f64	-	arr	illegal
f64	-	struct	illegal
f64	-	fn	illegal
f64	-	f32	f64
f64	-	f64	f64
f64	*	void	illegal
f64	*	i8	f64
f64	*	i16	f64
f64	*	i32	f64
f64	*	i64	f64
f64	*	u8	f64
f64	*	u16	f64
f64	*	u32	f64
f64	*	u64	f64
f64	*	ptr	illegal
f64	*	arr	illegal
f64	*	struct	illegal
f64	*	fn	illegal
f64	*	f32	f64
f64	*	f64	f64
f64	/	void	illegal
f64	/	i8	f64
f64	/	i16	f64
f64	/	i32	f64
f64	/	i64	f64
f64	/	u8	f64
f64	/	u16	f64
f64	/	u32	f64
f64	/	u64	f64
f64	/	ptr	illegal
f64	/	arr	illegal
f64	/	struct	illegal
f64	/	fn	illegal
f64	/	f32	f64
f64	/	f64	f64
f64	%	void	illegal
f64	%	i8	illegal
f64	%	i16	illegal
f64	%	i32	illegal
f64	%	i64	illegal
f64	%	u8	illegal
f64	%	u16	illegal
f64	%	u32	illegal
f64	%	u64	illegal
f64	%	ptr	illegal
f64	%	arr	illegal
f64	%	struct	illegal
f64	%	fn	illegal
f64	%	f32	illegal
f64	%	f64	illegal
f64	<	void	illegal
f64	<	i8	i32
f64	<	i16	i32
f64	<	i32	i32
f64	<	i64	i32
f64	<	u8	i32
f64	<	u16	i32
f64	<	u32	i32
f64	<	u64	i32
f64	<	ptr	illegal
f64	<	arr	illegal
f64	<	struct	illegal
f64	<	fn	illegal
f64	<	f32	i32
f64	<	f64	i32
f64	==	void	illegal
f64	==	i8	i32
f64	==	i16	i32
f64	==	i32	i32
f64	==	i64	i32
f64	==	u8	i32
f64	==	u16	i32
f64	==	u32	i32
f64	==	u64	i32
f64	==	ptr	illegal
f64	==	arr	illegal
f64	==	struct	illegal
f64	==	fn	illegal
f64	==	f32	i32
f64	==	f64	i32
f64	=	void	f64
f64	=	i8	f64
f64	=	i16	f64
f64	=	i32	f64
f64	=	i64	f64
f64	=	u8	f64
f64	=	u16	f64
f64	=	u32	f64
f64	=	u64	f64
f64	=	ptr	f64
f64	=	arr	f64
f64	=	struct	f64
f64	=	fn	f64
f64	=	f32	f64
f64	=	f64	f64
f64	&	void	illegal
f64	&	i8	illegal
f64	&	i16	illegal
f64	&	i32	illegal
f64	&	i64	illegal
f64	&	u8	illegal
f64	&	u16	illegal
f64	&	u32	illegal
f64	&	u64	illegal
f64	&	ptr	illegal
f64	&	arr	illegal
f64	&	struct	illegal
f64	&	fn	illegal
f64	&	f32	illegal
f64	&	f64	illegal
f64	[]	void	illegal
f64	[]	i8	illegal
f64	[]	i16	illegal
f64	[]	i32	illegal
f64	[]	i64	illegal
f64	[]	u8	illegal
f64	[]	u16	illegal
f64	[]	u32	illegal
f64	[]	u64	illegal
f64	[]	ptr	illegal
f64	[]	arr	illegal
f64	[]	struct	illegal
f64	[]	fn	illegal
f64	[]	f32	illegal
f64	[]	f64	illegal
f64	.	void	illegal
f64	.	i8	illegal
f64	.	i16	illegal
f64	.	i32	illegal
f64	.	i64	illegal
f64	.	u8	illegal
f64	.	u16	illegal
f64	.	u32	illegal
f64	.	u64	illegal
f64	.	ptr	illegal
f64	.	arr	illegal
f64	.	struct	illegal
f64	.	fn	illegal
f64	.	f32	illegal
f64	.	f64	illegal
f64	call	void	illegal
f64	call	i8	illegal
f64	call	i16	illegal
f64	call	i32	illegal
f64	call	i64	illegal
f64	call	u8	illegal
f64	call	u16	illegal
f64	call	u32	illegal
f64	call	u64	illegal
f64	call	ptr	illegal
f64	call	arr	illegal
f64	call	struct	illegal
f64	call	fn	illegal
f64	call	f32	illegal
f64	call	f64	illegal
f64	sizeof	void	i64
f64	sizeof	i8	i64
f64	sizeof	i16	i64
f64	sizeof	i32	i64
f64	sizeof	i64	i64
f64	sizeof	u8	i64
f64	sizeof	u16	i64
f64	sizeof	u32	i64
f64	sizeof	u64	i64
f64	sizeof	ptr	i64
f64	sizeof	arr	i64
f64	sizeof	struct	i64
f64	sizeof	fn	i64
f64	sizeof	f32	i64
f64	sizeof	f64	i64
f64	,	void	void
f64	,	i8	i8
f64	,	i16	i16
f64	,	i32	i32
f64	,	i64	i64
f64	,	u8	u8
f64	,	u16	u16
f64	,	u32	u32
f64	,	u64	u64
f64	,	ptr	ptr
f64	,	arr	arr
f64	,	struct	struct
f64	,	fn	fn
f64	,	f32	f32
f64	,	f64	f64
f64	un*	void	illegal
f64	un*	i8	illegal
f64	un*	i16	illegal
f64	un*	i32	illegal
f64	un*	i64	illegal
f64	un*	u8	illegal
f64	un*	u16	illegal
f64	un*	u32	illegal
f64	un*	u64	illegal
f64	un*	ptr	illegal
f64	un*	arr	illegal
f64	un*	struct	illegal
f64	un*	fn	illegal
f64	un*	f32	illegal
f64	un*	f64	illegal
f64	|	void	illegal
f64	|	i8	illegal
f64	|	i16	illegal
f64	|	i32	illegal
f64	|	i64	illegal
f64	|	u8	illegal
f64	|	u16	illegal
f64	|	u32	illegal
f64	|	u64	illegal
f64	|	ptr	illegal
f64	|	arr	illegal
f64	|	struct	illegal
f64	|	fn	illegal
f64	|	f32	illegal
f64	|	f64	illegal
f64	^	void	illegal
f64	^	i8	illegal
f64	^	i16	illegal
f64	^	i32	illegal
f64	^	i64	illegal
f64	^	u8	illegal
f64	^	u16	illegal
f64	^	u32	illegal
f64	^	u64	illegal
f64	^	ptr	illegal
f64	^	arr	illegal
f64	^	struct	illegal
f64	^	fn	illegal
f64	^	f32	illegal
f64	^	f64	illegal
f64	<<	void	illegal
f64	<<	i8	illegal
f64	<<	i16	illegal
f64	<<	i32	illegal
f64	<<	i64	illegal
f64	<<	u8	illegal
f64	<<	u16	illegal
f64	<<	u32	illegal
f64	<<	u64	illegal
f64	<<	ptr	illegal
f64	<<	arr	illegal
f64	<<	struct	illegal
f64	<<	fn	illegal
f64	<<	f32	illegal
f64	<<	f64	illegal
f64	>>	void	illegal
f64	>>	i8	illegal
f64	>>	i16	illegal
f64	>>	i32	illegal
f64	>>	i64	illegal
f64	>>	u8	illegal
f64	>>	u16	illegal
f64	>>	u32	illegal
f64	>>	u64	illegal
f64	>>	ptr	illegal
f64	>>	arr	illegal
f64	>>	struct	illegal
f64	>>	fn	illegal
f64	>>	f32	illegal
f64	>>	f64	illegal
