# state	observation	next	actions
# Generic printing, relocation metadata, push/pop fusion, and argument output.
PRINT	*	$label0	[["LDX","pb","tok",["constant","REG"]],["CMPI","pb",0]]
$label0	1	PRINT.raw	[]
$label0	*	PRINT.go	[]
PRINT.raw	*	PRINT.go	[["LDX","pb","tok",["constant","TXT"]]]
PRINT.go	*	PCOPY	[["INPUSH","pb"]]
ADDR	*	PRN	[["ALUI","add","n","base",256],["ALU","add","n","n","offset"],["PUSH",["constant","label1"]]]
$label1	*	RET	[]
GENERIC	*	PRINT	[["COPYW","tok","op"],["PUSH",["constant","label2"]]]
$label2	*	G.args	[["LDI","argj",0]]
G.args	*	$label3	[["CMP","argj","na"]]
$label3	0	G.arg	[]
$label3	*	G.meta	[]
G.arg	*	$label4	[["CMPI","argj",0]]
$label4	1	G.space	[]
$label4	*	G.comma	[]
G.space	*	G.value	[["@","text0"]]
G.comma	*	G.value	[["@","text1"]]
G.value	*	PRINT	[["A64","add","aj","ai","argj"],["LDX","tok","aj",["constant","ARG"]],["PUSH",["constant","label5"]]]
$label5	*	G.args	[["ALUI","add","argj","argj",1]]
G.meta	*	$label6	[["LDX","pb","op",["constant","FORM"]],["CMPI","pb",0]]
$label6	1	G.reloc	[]
$label6	*	G.form	[]
G.form	*	PCOPY	[["INPUSH","pb"],["PUSH",["constant","label7"]]]
$label7	*	G.reloc	[]
G.reloc	*	$label8	[["CMP","op",["constant","id:jump"]]]
$label8	1	GR.jump	[]
$label8	*	GN.jump	[]
GR.jump	*	C.nl	[["@","text2"]]
GN.jump	*	$label9	[["CMP","op",["constant","id:jumpz"]]]
$label9	1	GR.jumpz	[]
$label9	*	GN.jumpz	[]
GR.jumpz	*	C.nl	[["@","text3"]]
GN.jumpz	*	$label10	[["CMP","op",["constant","id:call"]]]
$label10	1	GR.call	[]
$label10	*	GN.call	[]
GR.call	*	C.nl	[["@","text4"]]
GN.call	*	C.nl	[]
C.nl	*	C.advance	[["@","text5"]]
C.advance	*	C.loop	[["ALUI","add","ci","ci",1]]
NEXTOP	*	$label11	[["ALUI","add","next","ci",1],["LDI","fuse",0],["CMP","next","nc"]]
$label11	0	NX.load	[]
$label11	*	RET	[]
NX.load	*	$label12	[["LDX","nk","next",["constant","KIND"]],["CMPI","nk",2]]
$label12	1	NX.op	[]
$label12	*	RET	[]
NX.op	*	RET	[["LDI","fuse",1],["LDX","nop","next",["constant","OP"]],["ALUI","mul","ni","next",8],["ALUI","add","nj","ni",0],["LDX","b0","nj",["constant","ARG"]],["ALUI","add","nj","ni",1],["LDX","b1","nj",["constant","ARG"]],["ALUI","add","nj","ni",2],["LDX","b2","nj",["constant","ARG"]]]
DO.frame	*	NEXTOP	[["PUSH",["constant","label13"]]]
$label13	*	$label14	[["CMPI","fuse",1]]
$label14	1	PF.a	[]
$label14	*	GENERIC	[]
PF.a	*	$label15	[["CMP","a0",["constant","id:8"]]]
$label15	1	PF.b	[]
$label15	*	GENERIC	[]
PF.b	*	$label16	[["CMP","nop",["constant","id:store64"]]]
$label16	1	PF.c	[]
$label16	*	GENERIC	[]
PF.c	*	$label17	[["CMP","b0",["constant","id:r7"]]]
$label17	1	PF.d	[]
$label17	*	GENERIC	[]
PF.d	*	$label18	[["CMP","b1",["constant","id:0"]]]
$label18	1	PF.emit	[]
$label18	*	GENERIC	[]
PF.emit	*	PRINT	[["@","text6"],["COPYW","tok","b2"],["PUSH",["constant","label19"]]]
$label19	*	C.nl	[["ALUI","add","ci","ci",1]]
DO.load	*	NEXTOP	[["PUSH",["constant","label20"]]]
$label20	*	$label21	[["CMPI","fuse",1]]
$label21	1	PL.a	[]
$label21	*	GENERIC	[]
PL.a	*	$label22	[["CMP","a1",["constant","id:r7"]]]
$label22	1	PL.b	[]
$label22	*	GENERIC	[]
PL.b	*	$label23	[["CMP","a2",["constant","id:0"]]]
$label23	1	PL.c	[]
$label23	*	GENERIC	[]
PL.c	*	$label24	[["CMP","nop",["constant","id:.frame"]]]
$label24	1	PL.d	[]
$label24	*	GENERIC	[]
PL.d	*	$label25	[["CMP","b0",["constant","id:-8"]]]
$label25	1	PL.emit	[]
$label25	*	GENERIC	[]
PL.emit	*	PRINT	[["@","text7"],["COPYW","tok","a0"],["PUSH",["constant","label26"]]]
$label26	*	C.nl	[["ALUI","add","ci","ci",1]]
DO.argc	*	PRINT	[["@","text8"],["COPYW","tok","a0"],["PUSH",["constant","label27"]]]
$label27	*	ADDR	[["@","text9"],["LDI","offset",48],["PUSH",["constant","label28"]]]
$label28	*	C.nl	[["@","text10"]]
DO.argv	*	PRINT	[["@","text11"],["COPYW","tok","a0"],["PUSH",["constant","label29"]]]
$label29	*	PRINT	[["@","text12"],["COPYW","tok","a1"],["PUSH",["constant","label30"]]]
$label30	*	ADDR	[["@","text13"],["LDI","offset",56],["PUSH",["constant","label31"]]]
$label31	*	C.nl	[]
DO.arg	*	$label32	[["CMP","a0","inum0"]]
$label32	1	DA.0	[]
$label32	*	DA.n0	[]
DA.0	*	PRINT	[["@","text14"],["COPYW","tok","a1"],["PUSH",["constant","label33"]]]
$label33	*	C.nl	[]
DA.n0	*	$label34	[["CMP","a0","inum1"]]
$label34	1	DA.1	[]
$label34	*	DA.n1	[]
DA.1	*	PRINT	[["@","text15"],["COPYW","tok","a1"],["PUSH",["constant","label35"]]]
$label35	*	C.nl	[]
DA.n1	*	$label36	[["CMP","a0","inum2"]]
$label36	1	DA.2	[]
$label36	*	DA.n2	[]
DA.2	*	PRINT	[["@","text16"],["COPYW","tok","a1"],["PUSH",["constant","label37"]]]
$label37	*	C.nl	[]
DA.n2	*	$label38	[["CMP","a0","inum3"]]
$label38	1	DA.3	[]
$label38	*	DA.n3	[]
DA.3	*	PRINT	[["@","text17"],["COPYW","tok","a1"],["PUSH",["constant","label39"]]]
$label39	*	C.nl	[]
DA.n3	*	$label40	[["CMP","a0","inum4"]]
$label40	1	DA.4	[]
$label40	*	DA.n4	[]
DA.4	*	PRINT	[["@","text18"],["COPYW","tok","a1"],["PUSH",["constant","label41"]]]
$label41	*	C.nl	[]
DA.n4	*	$label42	[["CMP","a0","inum5"]]
$label42	1	DA.5	[]
$label42	*	DA.n5	[]
DA.5	*	PRINT	[["@","text19"],["COPYW","tok","a1"],["PUSH",["constant","label43"]]]
$label43	*	C.nl	[]
DA.n5	*	$label44	[["CMP","a0","inum6"]]
$label44	1	DA.6	[]
$label44	*	DA.n6	[]
DA.6	*	PRINT	[["@","text20"],["COPYW","tok","a1"],["PUSH",["constant","label45"]]]
$label45	*	C.nl	[]
DA.n6	*	$label46	[["CMP","a0","inum7"]]
$label46	1	DA.7	[]
$label46	*	DA.n7	[]
DA.7	*	PRINT	[["@","text21"],["COPYW","tok","a1"],["PUSH",["constant","label47"]]]
$label47	*	C.nl	[]
DA.n7	*	C.fail	[]
