# iterate/kernel/vocab.tsv -- the declared vocab / BF / BH mapping [J10 step 3, second slice]
# This file is the mapping AND the output order: genmodel writes the rows in
# this file's order, so moving a row moves its lines (README: ordering).
# 'vocab<TAB>SYM<TAB>stage<TAB>field|head<TAB>name': char *SYM is that
#   stage's #field/#head NAME list from its gold TSV, '\0'-separated, and
#   #define NSYM is its length.
# 'typekw<TAB>TYPEV': NOT generated.  lex.py TYPEKW has no gold TSV; genmodel
#   writes a delimited placeholder here and only the scratch integrator splices
#   the old TYPEV lines in.
# 'bfbh<TAB>stage': BF_<STAGE>_<i> per #field, then BH_<STAGE>_<HEAD> and
#   HD_<STAGE>_<HEAD> per #head, in the TSV's order.
# Values are in the TSVs, stage IDs in order.tsv.  vocab_check.py asserts that
# this equals unisa/ckernel.py's tuples (transition).
vocab	TOKV	parse	field	tok
vocab	PRODV	parse	head	y
vocab	ACTV	lex	head	y
typekw	TYPEV
vocab	DIRV	pp	field	dir
vocab	PPACTV	pp	head	y
vocab	NTV	parse	field	nt
vocab	TYSV	type	field	t1
vocab	TOPSV	type	field	op
vocab	TYOUTV	type	head	y
vocab	SCTXV	scope	field	ctx
vocab	SKINDV	scope	field	kind
vocab	SACTV	scope	head	y
vocab	IRFAMV	irsel	field	family
vocab	IRFLAV	irsel	field	flavor
vocab	IRRECV	irsel	head	y
bfbh	enc
bfbh	reloc
bfbh	regmap
bfbh	tyinfo
bfbh	pfconv
bfbh	peep
bfbh	opinfo
bfbh	prec
bfbh	binsel
bfbh	isel
bfbh	abi
